Date,Week Number,Year,Patients,Deaths,Male Patients,Female Patients,Under 18,Above 18,Temp_Min (°C),Temp_Max (°C),Humidity (%),Rainfall (mm),Mosquito Population Index,Vector Control Measures,Dengue Outbreak Risk (%)
2008-01-06,1,2008,41,3,179,270,80,284,23.8,26.5,76.9,90.3,8.76,5,5.8
2008-01-13,2,2008,385,3,265,178,5,164,16.7,38.3,76.8,168.7,7.62,0,19.0
2008-01-20,3,2008,298,6,79,268,146,167,28.8,36.9,78.3,171.0,9.68,0,56.5
2008-01-27,4,2008,461,2,241,149,10,87,17.6,31.4,61.1,24.1,3.76,2,20.8
2008-02-03,5,2008,248,8,222,22,93,54,22.2,25.2,63.3,99.8,2.5,1,4.7
2008-02-10,6,2008,371,3,20,15,107,152,22.5,38.3,91.4,117.3,8.42,5,91.8
2008-02-17,7,2008,263,5,95,274,49,78,26.0,26.9,83.8,258.7,3.28,3,23.8
2008-02-24,8,2008,268,2,43,107,140,35,27.1,37.9,74.3,50.1,8.89,2,10.4
2008-03-02,9,2008,163,3,46,65,176,296,17.1,31.8,74.0,235.8,3.32,3,74.9
2008-03-09,10,2008,162,4,17,57,47,102,19.2,35.6,61.4,128.7,8.58,4,64.8
2008-03-16,11,2008,459,0,162,34,2,42,29.1,25.3,55.1,186.6,9.13,1,18.7
2008-03-23,12,2008,328,5,244,192,109,16,24.4,29.1,56.2,25.9,5.02,4,62.1
2008-03-30,13,2008,446,8,145,287,85,87,25.9,36.9,67.7,199.3,4.11,5,7.3
2008-04-06,14,2008,56,2,288,261,104,145,25.5,29.1,63.1,62.5,0.53,3,91.9
2008-04-13,15,2008,271,0,257,48,123,250,26.3,28.5,67.2,121.4,3.97,0,18.5
2008-04-20,16,2008,285,7,131,146,147,98,21.5,25.9,82.7,128.8,4.14,1,61.6
2008-04-27,17,2008,489,8,229,267,114,88,27.2,31.8,53.8,195.4,3.08,2,69.4
2008-05-04,18,2008,322,8,280,250,25,57,29.7,36.2,83.4,296.7,8.07,5,64.3
2008-05-11,19,2008,6,4,268,233,18,60,24.0,27.9,87.3,218.9,6.59,2,19.2
2008-05-18,20,2008,426,8,91,109,47,141,28.6,31.9,59.6,77.3,5.3,5,30.7
2008-05-25,21,2008,240,6,54,218,115,30,29.8,39.1,77.0,165.0,2.74,0,16.0
2008-06-01,22,2008,493,4,83,69,2,184,24.9,30.5,56.7,118.1,5.39,5,1.2
2008-06-08,23,2008,14,6,26,26,124,152,28.7,37.2,70.0,276.9,3.96,0,67.2
2008-06-15,24,2008,259,6,176,46,96,106,25.4,26.4,83.9,209.8,9.06,2,59.0
2008-06-22,25,2008,30,1,272,14,197,104,20.8,33.7,73.7,54.6,2.52,5,12.1
2008-06-29,26,2008,252,6,153,63,72,236,21.5,35.6,68.8,191.6,1.36,0,56.1
2008-07-06,27,2008,92,8,146,280,158,122,17.4,30.6,72.8,55.8,6.78,0,96.6
2008-07-13,28,2008,326,8,129,214,112,22,26.7,34.8,71.5,212.7,4.57,0,96.0
2008-07-20,29,2008,289,8,234,70,68,266,21.8,39.9,81.9,27.3,9.92,2,46.4
2008-07-27,30,2008,464,0,174,141,57,299,27.4,35.0,65.3,128.4,1.98,5,16.6
2008-08-03,31,2008,409,7,199,177,26,56,21.6,37.3,52.8,196.9,0.48,3,76.5
2008-08-10,32,2008,303,0,43,10,100,15,28.1,36.2,82.6,283.5,2.68,0,58.1
2008-08-17,33,2008,188,2,142,267,144,178,21.1,37.4,93.1,104.1,0.35,4,98.5
2008-08-24,34,2008,188,9,152,71,177,181,17.8,39.5,92.7,171.2,3.8,2,85.1
2008-08-31,35,2008,365,2,75,44,7,184,24.9,31.7,78.4,94.8,4.74,0,76.9
2008-09-07,36,2008,5,0,237,73,144,193,17.7,27.7,76.8,71.3,9.97,4,35.7
2008-09-14,37,2008,113,4,169,133,165,234,21.7,29.8,52.7,138.7,7.67,0,1.5
2008-09-21,38,2008,422,2,127,273,189,204,22.7,33.4,73.0,0.7,5.35,5,38.8
2008-09-28,39,2008,210,1,142,116,149,206,26.8,29.2,62.3,171.7,1.18,3,98.3
2008-10-05,40,2008,223,4,118,214,114,47,27.0,38.6,56.6,36.5,7.8,2,15.2
2008-10-12,41,2008,36,9,145,203,115,0,25.1,30.5,88.9,34.6,9.86,3,37.3
2008-10-19,42,2008,468,2,89,224,150,296,28.6,35.8,57.0,209.1,8.33,2,96.9
2008-10-26,43,2008,199,3,163,178,117,295,21.7,29.1,94.7,182.2,1.12,0,83.5
2008-11-02,44,2008,71,6,187,111,37,79,16.4,34.6,60.7,83.2,1.6,0,32.2
2008-11-09,45,2008,79,9,193,271,180,84,21.5,32.2,71.6,238.9,7.49,1,41.0
2008-11-16,46,2008,335,6,69,128,38,72,18.8,29.2,71.7,245.8,9.98,4,35.8
2008-11-23,47,2008,245,9,203,9,38,24,18.2,30.9,86.3,165.3,4.72,5,60.9
2008-11-30,48,2008,442,6,43,121,101,16,26.9,39.6,66.4,241.0,6.67,5,5.9
2008-12-07,49,2008,477,5,255,246,62,227,17.5,30.8,83.2,208.5,6.94,2,48.2
2008-12-14,50,2008,445,3,86,277,13,132,27.2,39.3,83.7,174.5,1.71,0,74.3
2008-12-21,51,2008,374,0,55,148,41,124,24.0,35.5,71.0,28.5,3.38,3,60.2
2008-12-28,52,2008,54,1,35,93,10,8,20.7,31.0,73.9,225.5,7.51,5,22.0
2009-01-04,1,2009,144,1,248,224,117,15,19.6,30.5,50.9,93.0,3.03,1,13.7
2009-01-11,2,2009,337,4,246,62,182,106,17.0,29.2,78.7,157.4,0.38,2,6.7
2009-01-18,3,2009,334,4,204,163,39,23,21.3,37.8,50.1,237.0,3.83,0,60.8
2009-01-25,4,2009,163,6,198,274,15,81,27.9,39.5,54.5,164.9,7.15,4,76.5
2009-02-01,5,2009,335,0,271,287,92,177,18.6,31.8,78.4,75.7,0.28,0,98.2
2009-02-08,6,2009,81,3,8,190,147,161,16.6,36.2,75.9,202.6,7.51,0,18.5
2009-02-15,7,2009,456,0,195,247,44,15,17.9,25.5,79.8,286.4,1.22,0,39.3
2009-02-22,8,2009,50,6,99,142,50,235,16.3,32.1,67.2,22.9,8.39,2,24.8
2009-03-01,9,2009,240,5,27,52,151,15,21.4,36.4,70.1,39.1,9.96,4,5.0
2009-03-08,10,2009,310,2,211,78,27,28,15.1,36.5,69.7,174.2,1.34,4,0.8
2009-03-15,11,2009,103,6,161,29,183,205,22.9,28.5,51.3,286.5,1.26,0,74.6
2009-03-22,12,2009,319,1,291,238,181,15,19.8,35.2,61.2,166.4,0.06,5,71.7
2009-03-29,13,2009,133,3,264,81,72,291,23.9,36.4,80.5,27.1,9.78,5,22.0
2009-04-05,14,2009,162,1,238,262,25,141,25.3,33.4,70.9,269.9,4.84,3,39.0
2009-04-12,15,2009,198,4,114,228,165,128,21.0,32.6,87.3,208.3,4.4,5,7.9
2009-04-19,16,2009,39,7,284,257,17,45,28.1,27.2,71.4,126.5,6.17,4,0.5
2009-04-26,17,2009,100,0,275,52,83,205,19.9,29.3,53.4,177.0,6.42,4,42.2
2009-05-03,18,2009,1,2,193,178,38,235,29.2,30.3,65.4,29.9,5.65,3,44.3
2009-05-10,19,2009,480,3,116,134,77,75,22.0,30.8,79.2,235.3,2.8,4,69.2
2009-05-17,20,2009,191,0,25,86,125,49,21.4,30.4,70.8,171.6,1.63,3,87.0
2009-05-24,21,2009,169,2,218,115,84,11,15.8,32.8,76.8,125.9,4.55,2,18.0
2009-05-31,22,2009,51,1,118,150,158,210,28.1,36.0,77.8,247.2,6.99,2,70.4
2009-06-07,23,2009,281,0,16,106,89,8,27.2,30.1,61.4,144.3,6.01,4,49.7
2009-06-14,24,2009,90,7,121,169,64,173,24.1,28.9,90.9,146.8,8.14,3,47.2
2009-06-21,25,2009,12,6,289,20,118,9,16.2,33.9,65.2,172.6,1.22,5,82.5
2009-06-28,26,2009,197,7,244,92,161,234,25.6,30.2,85.2,140.3,8.91,1,27.3
2009-07-05,27,2009,497,4,121,10,168,74,24.4,38.8,83.7,251.9,6.15,0,51.2
2009-07-12,28,2009,192,6,235,192,50,36,28.9,31.5,52.6,70.2,1.02,5,83.6
2009-07-19,29,2009,129,1,34,122,196,208,24.0,32.7,83.3,231.1,3.9,1,25.2
2009-07-26,30,2009,84,6,258,39,11,255,25.3,26.3,76.5,89.4,1.46,0,17.5
2009-08-02,31,2009,252,2,172,242,3,251,28.8,33.2,50.2,285.5,2.6,2,50.1
2009-08-09,32,2009,164,8,100,45,95,57,15.8,30.5,74.5,190.6,0.09,4,47.6
2009-08-16,33,2009,351,7,217,286,59,44,29.5,34.7,74.2,260.5,2.6,2,15.7
2009-08-23,34,2009,424,9,284,88,61,185,22.1,27.7,68.3,73.1,8.97,0,39.4
2009-08-30,35,2009,451,6,140,161,172,193,27.4,26.9,80.3,78.8,1.88,3,68.5
2009-09-06,36,2009,22,0,224,80,47,270,27.7,36.6,73.1,152.5,7.05,3,32.7
2009-09-13,37,2009,34,7,289,110,38,199,19.5,30.5,81.7,270.9,5.43,1,64.3
2009-09-20,38,2009,371,8,288,1,13,282,23.2,38.8,94.8,260.5,1.34,5,86.9
2009-09-27,39,2009,231,4,156,212,134,291,15.4,30.4,58.6,290.3,0.74,5,51.2
2009-10-04,40,2009,346,1,283,285,192,79,16.7,25.8,54.2,22.0,0.39,4,74.7
2009-10-11,41,2009,282,9,56,236,61,244,24.9,32.3,78.6,44.4,2.22,0,87.7
2009-10-18,42,2009,344,3,11,73,123,228,27.9,36.2,58.0,23.7,6.37,0,52.6
2009-10-25,43,2009,116,4,153,206,98,97,29.2,32.5,85.5,38.6,4.96,4,49.8
2009-11-01,44,2009,130,0,149,136,82,98,25.0,37.1,61.7,102.5,4.22,4,98.6
2009-11-08,45,2009,259,1,82,259,125,160,20.4,33.9,80.6,81.5,4.09,3,68.0
2009-11-15,46,2009,411,4,269,98,115,183,27.4,28.3,77.7,164.7,8.29,3,69.8
2009-11-22,47,2009,220,5,264,81,170,37,24.4,32.9,68.7,197.1,4.9,5,35.5
2009-11-29,48,2009,380,2,60,107,70,77,15.2,29.9,58.5,49.4,9.57,3,45.6
2009-12-06,49,2009,407,0,120,101,64,60,23.4,29.1,84.9,114.0,4.94,4,46.2
2009-12-13,50,2009,78,4,145,260,176,234,26.6,29.7,82.6,126.4,3.24,1,6.1
2009-12-20,51,2009,160,7,260,268,183,121,16.4,28.3,79.0,38.7,0.11,0,63.0
2009-12-27,52,2009,454,1,231,259,70,19,25.3,32.7,52.3,227.9,8.31,4,75.7
2010-01-03,53,2010,37,8,294,17,18,220,16.4,39.2,89.1,190.4,9.21,0,89.0
2010-01-10,1,2010,39,9,204,72,95,40,28.4,27.4,65.3,226.9,6.16,1,22.5
2010-01-17,2,2010,293,4,37,195,127,159,19.0,33.1,60.4,25.7,7.39,4,91.5
2010-01-24,3,2010,48,3,218,162,142,250,28.0,26.2,57.0,12.2,6.82,2,54.4
2010-01-31,4,2010,238,4,27,278,133,1,25.7,28.4,69.1,214.5,3.09,1,95.6
2010-02-07,5,2010,372,0,205,53,58,258,16.5,27.5,90.6,13.1,2.62,3,96.3
2010-02-14,6,2010,165,2,220,25,38,111,18.5,27.8,72.5,296.5,9.31,5,70.8
2010-02-21,7,2010,452,4,191,123,114,219,20.9,30.7,76.1,116.7,3.61,2,7.4
2010-02-28,8,2010,330,5,141,134,125,232,17.0,29.5,72.7,16.4,6.31,4,29.2
2010-03-07,9,2010,382,0,53,248,150,89,17.6,35.3,56.8,92.2,6.12,2,80.9
2010-03-14,10,2010,330,0,233,69,4,274,20.2,27.0,59.5,7.2,8.66,4,52.3
2010-03-21,11,2010,231,9,139,217,12,23,15.8,29.8,51.2,28.2,2.13,2,43.7
2010-03-28,12,2010,389,3,209,116,87,59,20.1,30.3,76.9,217.0,3.91,4,81.7
2010-04-04,13,2010,233,8,43,210,35,283,15.4,37.4,55.6,165.5,3.41,1,28.4
2010-04-11,14,2010,13,1,94,156,178,167,27.7,38.5,66.9,293.8,3.14,2,63.5
2010-04-18,15,2010,404,0,57,255,121,71,19.1,37.3,55.5,271.3,1.01,4,47.6
2010-04-25,16,2010,336,4,36,273,165,253,28.4,36.1,51.8,5.3,0.48,5,45.8
2010-05-02,17,2010,190,9,114,193,127,166,29.9,34.5,81.6,44.5,6.55,1,54.2
2010-05-09,18,2010,437,4,150,260,50,290,24.8,33.1,53.8,61.4,9.78,3,30.9
2010-05-16,19,2010,58,9,3,126,198,276,21.7,28.0,51.3,20.1,5.28,0,74.8
2010-05-23,20,2010,84,1,100,125,149,24,27.2,30.3,62.1,13.3,8.4,1,79.7
2010-05-30,21,2010,104,3,114,191,121,173,16.0,38.5,55.4,52.2,0.17,1,66.0
2010-06-06,22,2010,78,2,23,13,148,42,27.5,38.6,56.1,189.6,2.75,3,86.5
2010-06-13,23,2010,318,7,105,201,187,250,23.8,34.8,56.2,122.3,0.05,5,42.5
2010-06-20,24,2010,27,6,121,101,32,298,24.8,34.1,75.0,260.3,2.62,2,10.0
2010-06-27,25,2010,207,0,55,234,8,172,19.8,26.4,90.5,228.0,1.16,0,99.1
2010-07-04,26,2010,60,8,113,102,14,211,22.9,35.1,87.4,252.5,4.52,1,18.4
2010-07-11,27,2010,9,3,144,60,63,134,25.2,30.8,53.7,197.9,3.92,1,76.3
2010-07-18,28,2010,56,1,231,111,41,220,26.8,34.8,50.6,59.0,5.25,0,39.8
2010-07-25,29,2010,485,4,8,76,141,97,16.7,26.5,57.1,47.7,1.24,1,98.6
2010-08-01,30,2010,471,9,245,210,184,103,20.8,25.1,79.6,98.4,3.18,3,34.6
2010-08-08,31,2010,297,0,253,17,46,143,20.7,36.3,67.9,250.2,8.77,1,91.3
2010-08-15,32,2010,211,8,201,298,23,74,18.8,30.8,50.9,120.7,2.15,0,82.0
2010-08-22,33,2010,89,5,109,170,71,36,22.3,28.7,65.7,118.6,2.7,5,18.0
2010-08-29,34,2010,281,9,145,81,82,198,20.5,38.7,68.1,198.4,0.41,0,6.9
2010-09-05,35,2010,420,7,42,30,132,86,25.0,31.4,61.2,273.4,1.64,3,53.8
2010-09-12,36,2010,151,0,30,210,177,78,15.7,38.5,70.6,45.0,2.86,3,99.2
2010-09-19,37,2010,218,5,136,82,143,252,28.2,33.5,88.8,222.1,8.04,1,43.3
2010-09-26,38,2010,324,1,205,166,153,207,24.9,33.0,64.9,40.4,7.56,0,67.2
2010-10-03,39,2010,199,2,200,270,98,52,17.6,39.1,84.3,172.1,6.44,1,51.7
2010-10-10,40,2010,31,3,241,225,45,155,22.5,31.4,58.6,263.4,0.17,2,66.8
2010-10-17,41,2010,476,6,24,259,74,249,23.7,35.5,85.5,259.9,9.34,4,82.6
2010-10-24,42,2010,240,9,245,158,39,182,16.8,38.3,63.3,21.9,8.73,1,20.3
2010-10-31,43,2010,126,9,1,145,65,168,20.8,39.7,81.0,235.4,1.16,5,42.3
2010-11-07,44,2010,433,3,46,191,80,146,16.6,26.6,66.6,151.1,4.3,5,57.0
2010-11-14,45,2010,439,7,257,68,68,141,28.3,35.5,69.8,38.1,0.94,1,93.0
2010-11-21,46,2010,96,3,178,41,154,16,18.5,37.3,65.2,142.5,5.17,5,26.0
2010-11-28,47,2010,406,6,11,21,47,69,25.8,35.1,68.4,133.2,8.88,2,19.5
2010-12-05,48,2010,232,7,129,172,142,178,19.7,39.2,93.9,88.5,2.31,1,78.7
2010-12-12,49,2010,391,9,24,204,98,44,17.4,26.6,60.4,277.1,4.15,5,24.2
2010-12-19,50,2010,11,1,217,273,117,203,27.9,36.2,54.5,110.6,3.93,2,37.2
2010-12-26,51,2010,212,8,9,281,118,98,24.5,30.7,63.1,117.1,6.25,2,69.2
2011-01-02,52,2011,409,5,20,48,106,86,20.7,39.7,85.2,45.6,9.11,1,10.8
2011-01-09,1,2011,289,6,132,48,125,15,27.1,28.5,73.4,225.1,3.08,5,29.8
2011-01-16,2,2011,80,8,270,268,112,135,19.2,37.9,70.7,122.3,9.03,1,30.0
2011-01-23,3,2011,223,2,227,219,16,228,18.7,33.7,94.9,210.1,3.81,2,81.9
2011-01-30,4,2011,82,2,64,10,44,7,25.4,37.2,55.4,1.5,6.22,4,5.2
2011-02-06,5,2011,170,6,84,42,119,50,19.9,32.0,50.4,223.9,8.23,1,79.3
2011-02-13,6,2011,215,0,137,55,11,282,19.6,27.8,79.2,228.4,7.52,4,1.4
2011-02-20,7,2011,409,1,173,128,39,158,17.9,28.8,68.3,281.9,8.69,0,6.7
2011-02-27,8,2011,33,0,115,201,84,3,15.4,34.4,81.8,128.8,1.77,4,70.1
2011-03-06,9,2011,417,4,0,288,49,124,24.2,38.4,87.2,94.8,8.94,5,80.5
2011-03-13,10,2011,201,1,233,77,181,86,27.1,26.0,84.4,199.9,3.56,1,94.4
2011-03-20,11,2011,59,2,84,113,175,83,24.6,31.0,73.7,55.8,1.93,5,25.6
2011-03-27,12,2011,160,1,62,249,30,14,19.2,39.0,84.9,90.1,3.33,5,75.4
2011-04-03,13,2011,457,1,88,113,101,52,22.8,34.6,51.8,120.9,5.54,3,32.9
2011-04-10,14,2011,428,0,76,245,119,34,28.0,31.0,60.1,182.1,5.31,5,80.0
2011-04-17,15,2011,171,9,66,160,37,172,15.7,31.4,88.6,143.2,7.09,2,41.8
2011-04-24,16,2011,451,9,246,231,178,145,26.7,36.5,70.5,99.0,2.98,4,62.6
2011-05-01,17,2011,146,3,245,295,111,253,28.9,29.5,94.1,142.3,4.2,2,58.2
2011-05-08,18,2011,131,6,203,66,45,281,18.8,38.3,54.7,141.4,0.31,2,61.0
2011-05-15,19,2011,160,4,250,83,92,99,28.7,32.1,51.0,272.6,0.2,5,69.3
2011-05-22,20,2011,404,8,281,285,16,125,24.9,27.9,52.8,251.9,4.39,0,50.7
2011-05-29,21,2011,416,7,268,284,43,204,23.3,39.4,57.2,244.6,3.95,4,86.5
2011-06-05,22,2011,89,7,294,195,2,14,26.8,29.7,80.6,55.1,4.89,1,54.6
2011-06-12,23,2011,450,3,119,77,46,286,22.8,37.3,70.2,140.9,9.96,0,10.7
2011-06-19,24,2011,336,1,209,250,166,100,29.3,37.6,52.1,99.2,9.33,2,58.7
2011-06-26,25,2011,291,1,0,270,16,120,16.0,36.2,84.2,177.2,6.52,3,23.5
2011-07-03,26,2011,207,3,214,42,192,210,27.0,33.5,72.5,107.3,2.17,3,33.5
2011-07-10,27,2011,319,6,81,68,109,244,15.8,27.0,65.5,161.2,6.38,2,68.2
2011-07-17,28,2011,391,9,238,205,191,213,15.8,33.7,93.1,154.3,2.03,0,70.2
2011-07-24,29,2011,365,0,62,226,30,245,23.4,37.5,69.7,290.4,9.42,2,74.2
2011-07-31,30,2011,488,0,31,103,88,122,18.1,37.3,92.6,115.9,1.49,1,55.0
2011-08-07,31,2011,221,5,124,179,196,247,18.8,25.5,93.2,138.9,4.46,1,41.7
2011-08-14,32,2011,475,4,56,230,82,197,15.1,30.8,68.6,53.6,3.81,0,5.7
2011-08-21,33,2011,18,6,263,46,1,116,19.5,35.4,53.8,252.9,6.25,1,66.5
2011-08-28,34,2011,398,4,172,129,129,282,25.5,34.1,51.0,201.6,1.27,5,60.9
2011-09-04,35,2011,120,1,129,251,193,28,24.7,39.2,71.1,188.4,7.59,0,42.1
2011-09-11,36,2011,499,4,108,238,35,84,23.7,29.2,93.8,227.4,0.2,5,16.2
2011-09-18,37,2011,468,9,70,150,143,89,18.2,25.7,59.3,71.8,3.04,5,72.1
2011-09-25,38,2011,316,6,3,278,82,201,22.0,27.0,83.5,46.2,1.99,4,2.9
2011-10-02,39,2011,259,5,71,25,42,134,21.9,34.0,70.9,220.7,1.61,0,34.4
2011-10-09,40,2011,148,6,105,241,24,35,23.3,30.7,84.8,214.6,2.36,3,60.2
2011-10-16,41,2011,48,6,254,99,124,7,18.5,39.8,69.4,78.4,5.27,5,9.9
2011-10-23,42,2011,249,2,115,265,151,247,21.0,29.5,58.2,56.4,3.19,4,63.1
2011-10-30,43,2011,31,2,148,222,124,111,17.1,35.1,88.1,33.3,1.96,4,37.8
2011-11-06,44,2011,21,7,195,288,91,27,18.8,27.2,58.3,297.3,0.62,5,64.8
2011-11-13,45,2011,355,2,245,246,168,285,19.9,28.1,61.9,166.3,6.67,0,72.5
2011-11-20,46,2011,294,4,150,3,103,6,22.3,26.0,51.7,281.9,5.15,2,63.8
2011-11-27,47,2011,116,5,217,173,198,263,29.0,38.9,57.7,54.2,6.44,5,24.1
2011-12-04,48,2011,42,2,122,16,179,242,28.3,26.5,89.5,63.9,8.71,0,76.5
2011-12-11,49,2011,365,2,240,92,147,266,17.8,28.4,89.5,247.6,0.61,4,2.3
2011-12-18,50,2011,275,9,228,131,75,82,18.9,35.8,74.6,71.3,0.02,5,79.0
2011-12-25,51,2011,143,8,253,200,192,222,16.1,29.8,68.5,16.9,2.9,3,38.9
2012-01-01,52,2012,184,7,169,157,122,276,20.9,35.9,74.2,216.7,8.49,2,12.6
2012-01-08,1,2012,245,7,93,212,71,107,27.1,36.6,89.4,180.2,2.52,3,11.5
2012-01-15,2,2012,249,3,82,288,23,19,27.4,38.3,67.1,179.5,1.25,0,68.6
2012-01-22,3,2012,33,0,116,144,189,283,23.9,36.2,90.9,188.5,8.98,3,92.7
2012-01-29,4,2012,359,6,156,226,87,191,22.3,37.5,74.4,196.4,7.7,4,6.8
2012-02-05,5,2012,17,8,21,122,100,220,16.4,30.9,57.5,264.6,0.66,5,73.1
2012-02-12,6,2012,452,0,230,61,189,9,25.9,27.8,80.6,33.9,1.68,5,82.3
2012-02-19,7,2012,135,2,29,41,42,297,26.7,34.3,82.9,81.8,2.79,5,37.2
2012-02-26,8,2012,340,4,212,183,123,48,15.4,28.6,61.4,262.2,3.19,1,97.0
2012-03-04,9,2012,291,7,115,156,45,102,22.3,27.2,70.3,272.3,1.84,0,52.9
2012-03-11,10,2012,270,2,291,119,62,95,16.0,26.9,78.0,174.0,0.09,0,71.6
2012-03-18,11,2012,393,3,8,108,145,85,20.9,34.8,79.4,76.2,2.84,4,30.7
2012-03-25,12,2012,418,2,156,169,122,245,20.2,34.2,87.1,214.1,8.74,2,84.3
2012-04-01,13,2012,153,6,279,39,152,151,23.7,29.6,53.8,131.1,8.82,3,3.2
2012-04-08,14,2012,208,8,249,146,103,91,25.2,29.6,57.4,13.3,1.65,3,32.9
2012-04-15,15,2012,464,3,177,26,45,296,19.1,32.5,55.0,107.4,6.55,3,76.0
2012-04-22,16,2012,347,9,247,235,175,187,17.0,35.4,57.1,58.9,6.08,4,11.9
2012-04-29,17,2012,189,7,61,279,74,207,28.5,39.3,77.7,58.8,0.76,0,74.3
2012-05-06,18,2012,210,9,261,148,153,226,18.4,35.4,59.1,169.0,4.5,5,44.0
2012-05-13,19,2012,60,4,36,167,169,152,17.8,35.7,85.4,151.2,7.09,5,71.1
2012-05-20,20,2012,120,3,237,5,174,6,29.3,25.6,50.3,186.8,8.86,0,59.2
2012-05-27,21,2012,222,9,116,272,120,181,20.9,30.4,58.7,221.7,2.88,1,43.6
2012-06-03,22,2012,138,1,102,254,33,115,25.4,27.8,78.0,9.0,1.09,0,99.2
2012-06-10,23,2012,183,4,180,216,20,26,27.4,34.0,70.8,80.3,9.48,1,91.0
2012-06-17,24,2012,126,0,106,153,175,19,29.2,32.0,77.3,284.8,3.22,2,89.4
2012-06-24,25,2012,3,9,75,78,151,157,18.6,35.6,50.2,214.3,1.23,5,46.0
2012-07-01,26,2012,371,9,73,265,181,265,27.3,31.3,55.2,92.7,9.58,3,92.7
2012-07-08,27,2012,391,3,35,162,30,123,15.9,37.5,63.3,113.7,8.36,1,7.6
2012-07-15,28,2012,317,2,116,113,92,68,26.0,39.2,51.2,232.6,9.51,1,39.1
2012-07-22,29,2012,351,0,161,48,27,146,23.5,35.8,94.0,114.5,7.6,2,50.6
2012-07-29,30,2012,8,3,10,138,121,190,20.6,36.0,87.3,100.9,9.19,4,36.7
2012-08-05,31,2012,443,9,99,215,149,98,27.4,33.1,73.7,285.1,5.22,0,46.0
2012-08-12,32,2012,229,8,294,31,35,241,23.4,31.8,58.7,125.2,1.94,3,23.3
2012-08-19,33,2012,371,5,36,117,149,168,17.5,29.1,64.9,66.0,1.5,1,34.0
2012-08-26,34,2012,460,1,61,22,169,144,22.2,36.6,75.6,172.9,6.78,5,63.9
2012-09-02,35,2012,341,8,178,38,184,162,18.1,38.9,70.8,174.9,8.91,1,69.3
2012-09-09,36,2012,404,7,115,225,194,15,25.1,25.5,86.9,297.4,0.99,4,69.5
2012-09-16,37,2012,213,9,91,236,173,214,22.5,25.7,78.5,124.5,3.25,2,40.2
2012-09-23,38,2012,138,3,29,174,115,30,28.8,35.7,93.5,83.6,0.79,1,45.6
2012-09-30,39,2012,482,8,52,19,87,245,25.1,27.6,74.0,181.0,0.5,3,91.3
2012-10-07,40,2012,3,7,15,294,105,157,16.7,31.0,50.5,81.6,9.55,4,70.1
2012-10-14,41,2012,89,6,142,270,126,224,17.6,26.6,78.2,189.0,5.98,0,65.3
2012-10-21,42,2012,333,0,35,188,109,72,28.2,30.3,63.4,39.8,2.94,4,8.0
2012-10-28,43,2012,218,8,246,241,15,122,27.5,25.6,63.0,13.6,7.24,0,35.8
2012-11-04,44,2012,425,3,187,93,31,5,21.9,32.9,64.4,114.5,1.93,3,34.4
2012-11-11,45,2012,329,8,197,172,151,163,25.7,35.3,87.3,62.6,5.36,3,35.5
2012-11-18,46,2012,441,4,244,191,191,166,16.7,25.7,52.1,274.1,1.74,2,45.1
2012-11-25,47,2012,156,6,5,79,134,77,19.4,37.6,68.9,13.7,1.96,0,15.1
2012-12-02,48,2012,458,3,97,277,155,231,21.3,36.0,94.3,127.5,0.29,3,44.4
2012-12-09,49,2012,262,4,82,145,86,45,17.2,37.8,55.5,4.4,6.84,2,81.2
2012-12-16,50,2012,228,6,240,103,65,185,24.0,29.4,85.2,298.7,4.61,0,96.0
2012-12-23,51,2012,455,6,243,97,174,3,16.0,39.5,62.2,145.3,8.33,3,52.0
2012-12-30,52,2012,119,4,175,135,173,59,29.8,32.3,65.7,153.0,8.15,5,11.2
2013-01-06,1,2013,412,7,184,0,178,99,18.3,26.9,77.8,76.8,8.15,2,76.5
2013-01-13,2,2013,238,6,225,252,72,119,29.6,36.3,86.7,229.1,9.74,5,31.2
2013-01-20,3,2013,96,2,48,109,96,37,17.1,29.8,67.6,294.1,5.11,3,51.0
2013-01-27,4,2013,244,9,37,228,94,130,17.8,34.6,70.5,218.7,7.14,2,17.6
2013-02-03,5,2013,474,3,117,9,178,235,27.1,29.6,58.6,75.6,4.69,2,13.8
2013-02-10,6,2013,425,3,162,57,171,148,19.6,37.7,66.0,46.2,0.96,2,49.8
2013-02-17,7,2013,475,6,216,111,133,99,19.8,37.8,87.9,288.6,4.98,0,26.7
2013-02-24,8,2013,74,7,127,173,39,101,27.7,34.5,80.6,118.5,0.92,4,41.8
2013-03-03,9,2013,142,7,202,53,48,98,21.0,26.1,60.0,171.7,6.95,2,97.8
2013-03-10,10,2013,141,7,280,2,116,113,23.8,35.3,76.9,262.9,4.36,4,39.3
2013-03-17,11,2013,448,4,127,25,84,30,16.1,25.3,55.8,290.0,5.22,1,87.7
2013-03-24,12,2013,91,6,184,293,154,225,28.0,35.3,54.2,280.8,4.29,3,7.0
2013-03-31,13,2013,199,8,148,23,93,230,19.7,36.1,61.5,85.2,8.64,0,92.8
2013-04-07,14,2013,105,2,213,222,67,208,26.4,38.8,71.3,58.7,9.75,5,56.5
2013-04-14,15,2013,342,2,252,249,27,12,16.7,30.7,59.3,195.0,9.03,0,37.1
2013-04-21,16,2013,167,4,184,22,23,265,29.6,39.8,87.9,138.1,1.67,4,8.5
2013-04-28,17,2013,231,1,67,207,0,203,18.4,29.8,65.0,189.5,3.05,0,44.5
2013-05-05,18,2013,33,2,141,45,98,294,18.6,31.0,52.4,266.8,8.51,5,1.5
2013-05-12,19,2013,486,1,275,17,139,223,15.5,33.5,53.4,31.7,5.96,0,48.7
2013-05-19,20,2013,379,3,177,235,43,132,28.9,28.0,59.4,206.7,4.67,0,55.2
2013-05-26,21,2013,383,4,272,136,75,175,15.7,30.8,50.2,161.2,1.79,3,13.8
2013-06-02,22,2013,156,2,122,25,100,153,24.0,33.6,57.5,230.5,8.46,0,24.5
2013-06-09,23,2013,296,4,39,126,148,106,24.7,39.0,57.7,193.4,3.15,2,83.8
2013-06-16,24,2013,257,7,280,173,189,145,25.9,30.3,84.9,58.8,3.53,4,69.9
2013-06-23,25,2013,288,3,152,47,182,199,15.6,30.5,83.5,136.0,0.15,3,67.1
2013-06-30,26,2013,10,7,274,156,153,263,17.2,37.8,70.5,80.0,0.18,3,26.6
2013-07-07,27,2013,287,7,204,165,104,88,18.4,32.9,93.9,206.6,2.69,1,94.4
2013-07-14,28,2013,413,4,239,111,147,298,16.4,37.9,77.2,295.3,5.48,5,49.3
2013-07-21,29,2013,3,3,97,88,60,184,29.7,38.0,57.5,225.9,6.08,1,74.9
2013-07-28,30,2013,374,4,199,56,67,261,21.2,25.7,55.7,37.7,5.81,1,32.2
2013-08-04,31,2013,37,4,66,17,56,15,19.3,38.4,70.2,91.5,4.24,1,23.0
2013-08-11,32,2013,430,0,141,272,128,43,27.5,37.5,85.2,155.4,4.09,5,48.9
2013-08-18,33,2013,73,1,214,92,192,144,19.0,33.5,87.4,169.7,0.52,4,20.3
2013-08-25,34,2013,464,0,210,104,148,79,21.4,35.8,71.1,149.4,2.13,2,37.0
2013-09-01,35,2013,365,9,53,231,85,57,21.7,37.6,79.7,203.1,9.67,3,66.4
2013-09-08,36,2013,404,9,35,200,187,74,16.5,32.9,53.6,200.8,7.25,0,59.7
2013-09-15,37,2013,251,5,249,273,46,207,26.6,36.2,50.9,222.5,5.68,5,63.8
2013-09-22,38,2013,429,1,234,109,173,208,19.1,39.4,94.5,195.0,0.17,0,99.9
2013-09-29,39,2013,406,1,220,213,139,205,24.1,34.3,66.6,40.1,3.63,1,1.6
2013-10-06,40,2013,266,1,33,164,25,216,29.4,31.8,60.0,96.7,7.0,1,45.8
2013-10-13,41,2013,118,0,218,108,62,107,24.5,37.8,51.6,117.0,7.3,1,32.7
2013-10-20,42,2013,439,2,110,196,121,58,23.9,34.2,58.5,10.2,1.33,2,90.4
2013-10-27,43,2013,375,1,28,27,99,180,23.7,33.6,90.6,23.2,8.65,2,17.2
2013-11-03,44,2013,481,7,106,45,83,100,23.9,39.6,63.4,132.6,2.32,5,63.3
2013-11-10,45,2013,246,1,53,270,28,171,18.8,36.2,90.3,38.4,2.13,4,0.8
2013-11-17,46,2013,397,5,22,102,85,11,22.8,31.8,79.5,58.6,7.31,2,84.8
2013-11-24,47,2013,53,4,15,149,45,80,18.7,28.8,54.8,56.9,0.73,4,65.3
2013-12-01,48,2013,221,6,290,255,170,103,26.2,38.3,77.2,263.2,3.13,2,88.2
2013-12-08,49,2013,468,0,19,146,78,276,28.0,32.2,67.9,107.5,7.11,0,8.0
2013-12-15,50,2013,366,3,236,109,140,215,23.7,39.1,62.1,295.8,4.07,2,16.9
2013-12-22,51,2013,486,8,23,195,26,58,18.5,27.2,86.9,63.1,7.78,2,29.3
2013-12-29,52,2013,229,7,231,132,183,42,29.2,39.5,59.3,131.0,1.3,3,15.3
2014-01-05,1,2014,335,3,190,171,41,269,26.2,27.7,90.5,135.1,7.23,3,19.2
2014-01-12,2,2014,380,8,32,45,59,235,17.3,35.8,57.7,103.9,1.17,1,98.2
2014-01-19,3,2014,303,0,292,230,102,279,17.9,33.0,72.3,247.2,3.83,1,83.3
2014-01-26,4,2014,273,4,253,37,126,120,21.5,30.1,68.3,205.2,2.69,0,35.1
2014-02-02,5,2014,421,4,81,200,174,190,23.1,29.6,60.4,284.1,6.46,3,38.9
2014-02-09,6,2014,71,6,257,153,22,267,23.7,26.9,75.1,131.0,8.95,1,14.2
2014-02-16,7,2014,457,9,9,297,114,137,16.9,26.1,65.5,97.4,0.0,5,54.3
2014-02-23,8,2014,491,4,154,82,62,114,26.6,37.3,65.9,277.8,4.6,5,69.4
2014-03-02,9,2014,266,2,145,68,192,117,19.1,25.6,51.5,59.7,7.08,2,66.5
2014-03-09,10,2014,148,6,62,236,112,214,15.3,29.9,85.3,275.6,0.96,4,15.9
2014-03-16,11,2014,12,5,265,11,162,51,18.1,30.6,72.4,137.2,2.59,4,85.2
2014-03-23,12,2014,283,5,199,108,16,126,20.6,27.7,57.6,242.1,3.74,5,1.5
2014-03-30,13,2014,251,6,122,125,146,105,27.9,30.6,92.1,270.7,1.51,5,18.3
2014-04-06,14,2014,276,0,293,57,73,195,20.4,30.7,50.8,71.4,1.21,1,65.5
2014-04-13,15,2014,425,1,89,212,107,198,21.1,27.4,90.8,279.0,0.67,0,9.5
2014-04-20,16,2014,479,4,207,0,51,264,26.1,25.1,54.5,29.5,7.39,2,21.7
2014-04-27,17,2014,6,7,189,95,40,190,21.8,29.6,90.1,94.0,5.79,2,74.6
2014-05-04,18,2014,363,4,279,196,74,129,28.5,27.6,69.6,105.0,2.04,1,44.3
2014-05-11,19,2014,2,4,261,191,14,100,23.8,33.1,82.7,8.6,5.43,2,41.6
2014-05-18,20,2014,141,0,160,125,11,121,18.2,33.5,81.9,121.9,5.28,3,31.7
2014-05-25,21,2014,296,7,120,118,92,84,15.3,30.6,52.6,134.4,9.14,1,25.4
2014-06-01,22,2014,191,6,8,223,176,202,16.9,33.1,79.3,217.8,3.53,3,46.6
2014-06-08,23,2014,152,5,227,20,100,289,25.8,29.1,51.0,95.7,2.75,4,98.4
2014-06-15,24,2014,4,2,133,251,136,100,20.9,39.4,69.7,93.0,3.57,5,70.1
2014-06-22,25,2014,256,3,279,204,173,250,27.0,26.1,79.3,31.8,7.27,0,66.1
2014-06-29,26,2014,485,8,52,100,51,168,29.4,34.0,53.0,33.0,5.1,3,27.9
2014-07-06,27,2014,192,1,216,284,74,223,21.8,27.8,51.8,77.1,7.2,1,34.5
2014-07-13,28,2014,219,0,32,223,16,221,24.0,35.7,61.5,11.1,7.66,1,69.1
2014-07-20,29,2014,366,7,135,103,166,212,16.2,27.6,56.1,85.3,5.98,3,85.7
2014-07-27,30,2014,192,3,8,282,113,10,16.8,31.9,70.7,104.5,5.41,2,15.9
2014-08-03,31,2014,203,2,144,140,51,127,24.3,36.6,94.7,187.3,8.29,5,18.5
2014-08-10,32,2014,252,1,48,147,65,206,28.7,33.5,51.0,58.6,4.98,4,74.3
2014-08-17,33,2014,12,6,73,98,172,124,25.0,25.8,71.6,82.7,3.94,2,30.4
2014-08-24,34,2014,119,5,139,10,32,35,15.0,30.1,66.5,158.5,5.2,0,57.1
2014-08-31,35,2014,491,5,41,3,74,15,18.9,29.4,88.0,197.4,1.95,5,0.1
2014-09-07,36,2014,126,4,269,262,83,83,20.8,37.8,64.2,288.7,8.66,1,66.6
2014-09-14,37,2014,145,7,269,142,44,238,23.0,38.1,85.4,236.4,3.58,1,90.4
2014-09-21,38,2014,394,3,14,33,36,143,17.5,34.5,61.5,156.9,4.95,3,47.2
2014-09-28,39,2014,119,7,111,104,173,108,26.7,31.3,82.8,166.3,8.23,4,18.6
2014-10-05,40,2014,123,4,185,62,173,187,15.7,38.9,77.2,119.1,4.56,5,29.3
2014-10-12,41,2014,199,8,57,298,190,8,22.5,28.5,79.1,266.6,9.38,1,1.4
2014-10-19,42,2014,186,3,111,47,17,154,27.4,35.2,73.1,193.2,5.55,0,33.3
2014-10-26,43,2014,162,0,193,206,186,267,29.9,25.3,82.5,46.0,3.3,5,1.2
2014-11-02,44,2014,464,0,78,148,36,123,19.6,35.0,70.6,12.6,0.94,0,0.5
2014-11-09,45,2014,248,0,203,140,174,41,20.8,31.0,82.1,223.6,1.48,3,34.0
2014-11-16,46,2014,377,3,148,214,70,171,25.9,31.0,80.3,10.2,6.23,0,92.1
2014-11-23,47,2014,390,0,215,103,192,230,25.3,29.4,60.0,146.1,6.35,3,23.3
2014-11-30,48,2014,334,1,276,195,60,270,29.4,39.3,77.2,86.8,7.71,3,73.3
2014-12-07,49,2014,356,6,60,163,154,292,18.6,37.9,77.2,147.9,9.82,3,74.6
2014-12-14,50,2014,499,0,77,141,161,88,15.9,36.3,69.6,96.0,7.86,2,6.6
2014-12-21,51,2014,290,7,93,288,186,241,18.8,35.2,51.4,278.0,2.27,0,54.7
2014-12-28,52,2014,200,8,257,255,126,244,21.8,33.5,60.3,231.2,2.03,1,6.5
2015-01-04,1,2015,4,1,80,134,118,14,17.1,38.9,89.9,240.9,0.94,5,60.3
2015-01-11,2,2015,235,8,240,186,196,110,22.8,33.0,66.5,83.0,1.6,0,4.3
2015-01-18,3,2015,65,2,21,238,194,232,18.7,39.1,87.5,183.8,1.9,3,2.0
2015-01-25,4,2015,478,1,296,100,103,161,19.3,37.3,91.2,238.9,1.94,3,75.6
2015-02-01,5,2015,160,2,252,179,111,201,24.7,31.4,62.3,242.1,4.8,0,91.0
2015-02-08,6,2015,127,6,89,80,75,248,27.9,39.1,69.2,261.5,1.88,3,48.4
2015-02-15,7,2015,71,3,70,111,7,110,26.7,30.8,67.0,39.3,5.62,2,88.8
2015-02-22,8,2015,448,8,107,60,193,33,16.0,28.2,92.3,273.9,4.03,5,53.1
2015-03-01,9,2015,151,8,216,136,197,213,18.8,29.4,86.8,80.3,7.36,0,81.3
2015-03-08,10,2015,384,6,155,205,32,296,17.3,38.6,55.0,291.6,7.03,2,66.0
2015-03-15,11,2015,430,2,168,136,96,124,20.5,37.0,66.1,284.5,9.03,5,37.8
2015-03-22,12,2015,401,6,253,130,43,181,20.3,27.6,82.9,139.0,8.86,3,27.3
2015-03-29,13,2015,214,9,255,209,136,190,22.8,31.0,57.8,60.6,2.22,0,61.5
2015-04-05,14,2015,354,5,218,228,171,298,19.2,31.2,84.2,38.7,0.19,3,98.6
2015-04-12,15,2015,19,6,54,255,100,231,16.1,30.4,74.0,181.5,8.49,0,48.5
2015-04-19,16,2015,114,0,291,126,10,101,25.2,33.8,92.0,200.8,2.92,4,17.8
2015-04-26,17,2015,171,9,232,208,24,199,19.1,33.2,51.0,192.6,1.29,0,54.7
2015-05-03,18,2015,28,3,224,150,46,16,17.6,29.1,71.3,165.5,0.66,2,86.7
2015-05-10,19,2015,358,1,230,262,63,263,16.3,28.4,82.9,97.5,1.52,3,53.9
2015-05-17,20,2015,395,9,42,130,75,56,27.3,35.8,77.5,17.5,8.62,4,79.7
2015-05-24,21,2015,16,4,232,2,121,4,18.4,26.9,70.6,202.1,9.98,1,44.3
2015-05-31,22,2015,295,1,295,207,137,76,16.8,37.2,92.1,151.6,7.77,5,15.8
2015-06-07,23,2015,358,3,62,222,111,42,16.6,33.1,55.9,125.6,7.51,1,29.6
2015-06-14,24,2015,14,8,150,211,111,124,25.7,29.3,82.0,199.9,4.7,2,93.0
2015-06-21,25,2015,222,9,52,110,149,34,16.7,27.0,77.6,95.6,4.38,5,86.4
2015-06-28,26,2015,41,3,101,299,134,62,16.4,27.1,75.9,38.4,7.92,0,17.3
2015-07-05,27,2015,44,5,7,272,85,96,15.0,31.3,82.9,37.8,1.62,2,12.1
2015-07-12,28,2015,401,6,228,148,156,57,29.9,34.8,90.4,4.9,9.82,2,6.6
2015-07-19,29,2015,448,3,21,243,179,30,18.7,34.3,57.2,18.4,5.44,4,49.0
2015-07-26,30,2015,265,4,146,174,44,241,20.0,39.5,74.6,128.6,5.28,4,76.3
2015-08-02,31,2015,91,2,214,108,190,297,23.6,36.4,73.6,10.3,5.2,4,67.3
2015-08-09,32,2015,260,1,171,14,163,192,24.4,32.9,78.8,130.9,8.32,1,42.7
2015-08-16,33,2015,410,6,129,170,6,262,24.1,34.7,85.2,52.9,7.42,5,42.6
2015-08-23,34,2015,245,7,273,107,50,150,18.0,36.8,75.0,143.0,2.0,4,52.5
2015-08-30,35,2015,102,3,10,185,181,60,16.7,26.1,58.3,253.9,0.74,0,86.2
2015-09-06,36,2015,383,1,284,81,122,174,29.2,28.6,50.2,110.4,3.5,3,6.3
2015-09-13,37,2015,83,8,7,23,176,20,15.2,38.6,51.9,223.7,7.75,4,78.9
2015-09-20,38,2015,389,8,105,290,181,123,16.5,30.1,59.9,167.7,5.69,2,57.0
2015-09-27,39,2015,279,1,167,178,148,258,16.5,35.8,61.6,287.8,5.38,5,3.8
2015-10-04,40,2015,428,9,216,247,163,177,19.9,26.0,76.7,199.2,0.9,2,32.8
2015-10-11,41,2015,404,4,25,75,87,226,16.0,29.5,61.1,227.3,8.87,5,84.7
2015-10-18,42,2015,305,8,280,298,15,273,23.8,32.2,70.0,237.3,0.41,3,22.8
2015-10-25,43,2015,267,5,121,270,128,116,20.6,26.1,89.1,17.0,9.72,1,6.4
2015-11-01,44,2015,9,7,70,132,122,168,24.9,33.0,65.6,106.9,1.26,4,23.3
2015-11-08,45,2015,314,3,287,236,152,123,17.1,33.3,61.4,25.0,0.45,1,34.5
2015-11-15,46,2015,171,5,165,191,67,244,28.7,32.5,61.7,249.6,0.94,2,50.6
2015-11-22,47,2015,58,1,158,31,175,162,18.8,36.9,70.5,296.9,1.83,1,39.1
2015-11-29,48,2015,120,5,50,161,37,264,19.2,28.1,65.9,159.8,1.04,5,81.2
2015-12-06,49,2015,15,8,102,191,126,155,20.7,34.4,52.4,48.9,0.53,0,65.9
2015-12-13,50,2015,307,1,158,230,148,217,24.4,29.4,94.6,27.9,7.01,4,70.2
2015-12-20,51,2015,391,6,78,26,35,70,26.8,26.2,52.3,175.8,8.8,2,14.6
2015-12-27,52,2015,395,9,137,192,51,45,27.8,33.7,75.1,124.7,2.48,0,31.4
2016-01-03,53,2016,495,5,231,251,108,60,23.2,32.0,65.1,204.1,6.28,4,32.6
2016-01-10,1,2016,339,8,63,139,48,53,22.1,28.3,83.4,68.8,1.84,5,91.0
2016-01-17,2,2016,222,7,159,242,68,130,22.9,30.5,59.9,239.1,8.76,0,13.3
2016-01-24,3,2016,410,4,135,212,25,34,27.8,29.9,81.5,167.1,9.12,2,15.7
2016-01-31,4,2016,435,8,29,294,107,297,18.1,37.9,79.4,110.0,6.52,4,82.4
2016-02-07,5,2016,343,5,169,274,42,11,16.6,33.8,62.4,235.2,4.7,2,89.1
2016-02-14,6,2016,412,2,173,85,199,267,27.8,30.5,90.4,117.3,7.91,5,31.9
2016-02-21,7,2016,80,6,282,70,152,250,24.2,36.8,54.1,194.4,5.9,3,43.8
2016-02-28,8,2016,165,2,182,117,81,287,25.1,26.1,90.9,142.7,6.54,1,48.5
2016-03-06,9,2016,104,9,127,258,167,293,15.2,39.8,75.3,58.5,5.2,2,28.5
2016-03-13,10,2016,129,3,126,262,17,99,17.3,29.0,61.1,22.2,0.92,3,27.0
2016-03-20,11,2016,391,2,19,148,169,1,17.7,39.7,75.0,75.4,5.68,1,97.6
2016-03-27,12,2016,479,0,126,135,160,283,25.3,27.1,77.6,266.7,5.99,3,95.1
2016-04-03,13,2016,260,8,133,25,119,228,18.5,38.4,94.7,54.9,7.3,0,46.1
2016-04-10,14,2016,39,0,17,224,102,281,19.0,37.7,72.3,230.4,6.2,1,66.3
2016-04-17,15,2016,182,3,193,91,118,67,28.3,29.6,74.9,144.0,1.36,1,2.5
2016-04-24,16,2016,260,5,90,235,92,258,15.9,32.2,51.3,257.3,9.57,5,39.4
2016-05-01,17,2016,157,4,249,27,140,208,28.4,34.6,77.0,21.0,6.24,0,69.7
2016-05-08,18,2016,462,2,62,285,131,219,21.8,27.0,57.9,74.2,8.41,2,64.6
2016-05-15,19,2016,373,0,138,297,183,125,28.0,35.7,64.1,209.3,5.12,1,64.4
2016-05-22,20,2016,109,6,11,44,58,122,24.2,30.1,65.3,174.5,8.0,3,24.3
2016-05-29,21,2016,70,5,130,43,61,226,29.9,25.6,61.2,148.4,7.9,3,94.5
2016-06-05,22,2016,440,3,63,98,146,139,19.0,31.8,83.0,146.3,4.95,4,33.4
2016-06-12,23,2016,123,0,72,152,22,1,23.6,32.8,68.2,96.5,4.7,4,5.1
2016-06-19,24,2016,62,2,107,161,15,134,24.4,26.5,75.6,112.2,6.83,3,28.7
2016-06-26,25,2016,240,2,74,157,89,43,27.1,26.2,79.7,218.2,8.93,0,71.7
2016-07-03,26,2016,345,8,257,297,135,129,29.2,25.7,57.1,139.5,3.12,5,38.6
2016-07-10,27,2016,212,8,145,63,111,186,24.9,29.9,52.6,235.0,8.18,2,8.5
2016-07-17,28,2016,260,4,79,99,132,79,29.7,40.0,81.3,231.6,7.41,5,15.7
2016-07-24,29,2016,105,4,127,59,102,59,27.4,25.3,51.7,25.8,6.92,2,75.5
2016-07-31,30,2016,255,7,37,232,81,246,23.4,34.3,83.8,259.4,4.84,0,55.0
2016-08-07,31,2016,271,2,110,105,170,79,27.2,25.2,73.8,287.0,3.22,2,20.5
2016-08-14,32,2016,96,0,203,14,79,33,16.8,37.8,63.0,38.0,2.49,2,28.7
2016-08-21,33,2016,393,0,189,170,85,73,21.7,30.0,76.6,99.0,7.58,5,90.1
2016-08-28,34,2016,358,8,60,39,67,245,25.7,33.2,62.4,278.6,1.32,0,74.5
2016-09-04,35,2016,339,6,210,223,136,162,29.3,39.3,64.2,137.9,1.7,3,13.8
2016-09-11,36,2016,272,3,175,130,57,131,27.9,30.8,79.7,238.3,6.77,2,97.7
2016-09-18,37,2016,299,8,91,0,197,241,21.0,26.4,69.0,133.2,1.97,2,95.8
2016-09-25,38,2016,32,8,218,69,111,115,24.1,28.0,62.6,139.7,4.94,2,59.1
2016-10-02,39,2016,28,3,84,4,21,166,17.2,35.5,94.4,60.5,7.76,2,45.5
2016-10-09,40,2016,227,2,40,293,149,200,16.7,29.0,64.9,132.8,9.7,4,98.8
2016-10-16,41,2016,411,4,47,178,187,185,20.5,36.6,69.1,22.3,5.71,3,91.3
2016-10-23,42,2016,411,5,67,268,0,244,28.3,26.6,90.7,71.9,0.31,3,8.3
2016-10-30,43,2016,467,4,64,248,45,24,19.8,33.7,50.7,296.0,2.88,4,22.7
2016-11-06,44,2016,417,7,252,202,184,102,26.3,38.1,68.7,176.8,3.89,0,97.6
2016-11-13,45,2016,275,6,233,112,90,284,15.2,26.1,80.0,5.0,4.07,4,33.4
2016-11-20,46,2016,244,0,67,265,171,29,19.5,28.1,86.7,107.9,7.34,3,84.6
2016-11-27,47,2016,4,1,276,139,153,197,20.9,28.5,51.4,148.2,3.49,0,9.5
2016-12-04,48,2016,64,4,282,77,37,147,29.8,39.9,57.9,264.6,9.66,5,8.2
2016-12-11,49,2016,94,5,151,75,191,8,22.4,27.8,88.1,169.3,5.98,5,61.0
2016-12-18,50,2016,42,2,183,99,182,232,15.6,35.9,93.4,156.7,5.11,5,47.5
2016-12-25,51,2016,350,9,71,63,133,296,29.0,26.9,69.3,231.5,4.78,0,19.0
2017-01-01,52,2017,46,6,268,110,101,92,29.4,37.6,53.9,191.6,3.93,5,6.0
2017-01-08,1,2017,452,1,286,26,163,34,15.5,31.1,74.2,59.0,9.81,4,24.1
2017-01-15,2,2017,217,9,284,152,18,291,22.1,32.3,66.4,150.7,1.39,1,25.6
2017-01-22,3,2017,291,3,213,229,25,6,19.7,30.1,68.7,283.9,5.66,1,34.6
2017-01-29,4,2017,479,2,243,142,17,92,20.7,39.3,88.6,69.9,0.21,3,61.8
2017-02-05,5,2017,445,6,269,243,150,89,17.8,37.0,58.8,134.5,5.66,1,4.9
2017-02-12,6,2017,271,8,79,79,27,269,15.4,32.1,61.7,146.4,6.42,3,65.9
2017-02-19,7,2017,344,9,157,99,63,146,17.0,26.8,88.7,91.9,5.57,0,5.7
2017-02-26,8,2017,421,9,20,169,186,219,19.8,32.6,78.8,127.8,9.34,0,69.1
2017-03-05,9,2017,153,5,94,217,82,240,19.9,37.8,64.0,210.6,6.13,2,56.3
2017-03-12,10,2017,350,4,25,83,187,247,26.6,37.7,50.5,150.7,4.47,1,0.7
2017-03-19,11,2017,20,9,94,260,169,254,24.9,25.7,66.1,110.3,1.05,0,8.9
2017-03-26,12,2017,287,1,164,279,34,68,20.9,27.9,79.0,206.0,4.67,4,67.7
2017-04-02,13,2017,117,5,11,57,127,107,16.5,27.8,59.2,271.3,6.32,1,75.2
2017-04-09,14,2017,69,7,146,219,153,78,18.8,37.6,76.5,183.1,0.61,3,96.7
2017-04-16,15,2017,133,2,13,231,70,35,29.7,29.3,53.9,214.5,1.95,0,82.9
2017-04-23,16,2017,136,0,91,125,165,204,17.7,30.5,65.2,187.8,1.48,4,9.1
2017-04-30,17,2017,99,2,186,102,199,66,17.2,33.0,85.7,62.9,9.92,3,23.1
2017-05-07,18,2017,370,1,92,100,114,18,15.1,32.2,84.3,141.4,6.83,5,59.8
2017-05-14,19,2017,298,4,185,283,49,191,24.3,26.7,63.5,147.2,8.63,2,52.0
2017-05-21,20,2017,81,1,1,40,81,222,17.0,38.4,60.8,223.4,6.19,1,24.6
2017-05-28,21,2017,228,2,126,20,87,186,26.3,33.2,83.7,196.1,7.38,1,50.8
2017-06-04,22,2017,167,2,99,244,14,202,17.2,26.9,68.5,177.0,0.61,5,56.7
2017-06-11,23,2017,113,6,98,115,97,218,27.2,33.3,58.2,196.9,1.8,3,54.1
2017-06-18,24,2017,79,5,63,286,28,186,25.5,37.9,90.3,208.8,8.08,3,69.6
2017-06-25,25,2017,403,4,28,206,110,139,23.5,39.4,61.7,277.1,0.26,0,3.4
2017-07-02,26,2017,413,3,6,253,157,26,20.4,32.3,79.5,31.1,1.53,1,4.7
2017-07-09,27,2017,383,7,253,231,61,66,28.1,36.6,57.2,218.8,1.12,1,48.1
2017-07-16,28,2017,331,6,179,94,106,148,24.6,26.6,85.2,191.8,2.7,0,85.9
2017-07-23,29,2017,444,8,297,113,84,8,19.9,28.8,81.6,224.3,6.99,3,6.2
2017-07-30,30,2017,26,9,142,191,176,72,23.6,25.5,68.1,29.6,4.93,1,62.1
2017-08-06,31,2017,14,1,53,3,37,45,27.9,39.9,62.4,262.3,6.55,5,14.5
2017-08-13,32,2017,347,5,261,148,190,254,29.9,31.2,52.8,287.0,4.38,1,92.3
2017-08-20,33,2017,275,6,237,208,185,103,27.3,39.1,71.8,34.9,8.57,4,14.9
2017-08-27,34,2017,458,4,1,48,174,99,16.2,25.1,52.1,40.9,6.82,5,38.5
2017-09-03,35,2017,425,6,196,168,5,247,29.7,32.4,92.6,81.2,4.58,1,46.0
2017-09-10,36,2017,149,9,207,75,132,101,24.1,28.4,55.3,85.8,8.31,4,83.0
2017-09-17,37,2017,276,7,284,90,174,125,18.3,38.3,78.7,251.9,8.21,5,48.5
2017-09-24,38,2017,469,2,231,104,138,132,24.9,35.0,81.7,29.0,3.21,3,9.2
2017-10-01,39,2017,187,7,142,28,0,159,17.1,27.8,76.6,288.3,8.52,1,30.0
2017-10-08,40,2017,441,3,207,67,141,152,20.9,34.1,92.7,17.3,1.69,2,39.2
2017-10-15,41,2017,165,3,189,6,5,264,20.1,34.3,68.5,6.8,6.33,0,84.7
2017-10-22,42,2017,81,0,278,239,25,0,17.0,34.0,87.0,94.2,7.21,5,33.5
2017-10-29,43,2017,75,6,229,255,191,150,21.1,27.8,76.4,202.8,6.03,2,37.1
2017-11-05,44,2017,130,4,137,22,148,106,17.4,31.3,73.8,244.5,3.38,4,24.7
2017-11-12,45,2017,421,0,38,91,103,165,26.4,26.3,86.7,170.1,3.04,4,68.1
2017-11-19,46,2017,121,9,44,298,165,284,27.5,37.2,88.6,157.3,3.33,5,96.8
2017-11-26,47,2017,452,0,30,147,8,187,16.9,29.6,56.9,272.7,0.36,3,29.5
2017-12-03,48,2017,344,6,155,159,3,129,22.0,31.3,93.0,197.4,5.54,2,55.0
2017-12-10,49,2017,151,1,82,18,66,165,20.7,38.1,89.2,96.6,5.94,0,75.6
2017-12-17,50,2017,473,8,12,246,64,152,29.3,34.4,56.8,88.8,7.26,0,59.3
2017-12-24,51,2017,297,0,17,237,8,31,28.1,29.9,77.3,74.3,2.01,2,64.3
2017-12-31,52,2017,409,7,7,250,184,119,19.1,37.6,69.0,233.5,5.1,0,21.1
2018-01-07,1,2018,440,6,11,54,10,88,16.3,29.4,67.6,50.9,2.5,5,59.6
2018-01-14,2,2018,362,4,19,277,87,123,17.0,26.7,68.2,60.0,7.82,2,43.6
2018-01-21,3,2018,470,8,150,109,139,233,25.4,29.5,69.4,269.0,9.13,0,81.8
2018-01-28,4,2018,79,9,84,299,2,173,29.4,38.6,92.2,275.3,4.32,1,34.0
2018-02-04,5,2018,25,3,190,58,96,3,20.3,32.3,57.9,251.9,3.04,1,85.7
2018-02-11,6,2018,268,7,147,82,74,107,30.0,32.3,69.7,136.7,8.7,1,63.5
2018-02-18,7,2018,109,1,24,64,10,203,21.0,39.8,53.7,237.9,5.61,4,60.0
2018-02-25,8,2018,164,8,245,42,94,250,22.6,27.4,51.3,99.1,3.48,1,97.2
2018-03-04,9,2018,377,5,149,277,149,94,17.5,29.4,60.6,263.4,1.17,0,40.3
2018-03-11,10,2018,337,8,283,212,96,72,19.4,37.8,68.9,235.8,3.56,1,46.6
2018-03-18,11,2018,314,5,33,51,32,224,23.2,25.7,52.4,109.4,1.74,5,47.8
2018-03-25,12,2018,324,7,143,51,31,255,19.7,39.8,92.5,266.9,8.56,0,58.9
2018-04-01,13,2018,482,9,122,54,3,115,23.9,31.1,52.3,11.7,6.74,5,12.5
2018-04-08,14,2018,280,1,190,33,182,50,24.1,25.4,52.3,22.9,6.12,2,32.6
2018-04-15,15,2018,157,8,279,174,116,28,24.5,25.8,81.8,63.6,1.45,4,93.9
2018-04-22,16,2018,201,7,21,191,73,83,21.0,34.3,69.0,244.6,6.5,5,1.1
2018-04-29,17,2018,171,8,65,72,191,281,20.1,33.5,61.6,101.3,2.78,5,4.9
2018-05-06,18,2018,295,6,183,178,33,162,23.7,30.8,65.7,212.8,6.34,2,54.0
2018-05-13,19,2018,415,9,171,152,159,172,19.3,29.6,70.3,152.5,0.53,3,79.8
2018-05-20,20,2018,121,9,234,269,53,252,28.5,33.8,84.4,42.6,9.98,0,84.5
2018-05-27,21,2018,380,9,267,160,15,9,27.7,27.7,94.8,283.7,6.95,4,28.1
2018-06-03,22,2018,235,7,56,166,121,92,15.7,37.1,57.8,23.4,2.6,0,70.4
2018-06-10,23,2018,411,0,286,144,199,49,21.0,26.1,71.9,267.5,0.24,1,67.5
2018-06-17,24,2018,421,3,250,133,126,273,23.7,26.1,57.4,233.1,1.32,2,65.7
2018-06-24,25,2018,421,7,246,221,63,166,20.3,39.7,56.6,19.4,2.98,2,14.8
2018-07-01,26,2018,332,5,32,43,65,199,15.2,35.5,83.2,78.5,1.55,5,76.2
2018-07-08,27,2018,378,7,154,270,27,62,22.2,35.6,58.2,191.1,2.62,3,95.6
2018-07-15,28,2018,396,7,104,247,199,73,26.5,32.5,64.0,139.2,3.69,1,2.0
2018-07-22,29,2018,90,3,158,73,172,173,27.4,30.8,77.8,70.9,0.45,1,97.3
2018-07-29,30,2018,247,7,214,233,157,181,19.3,30.4,90.1,112.2,7.07,5,62.2
2018-08-05,31,2018,175,4,180,29,91,152,26.7,35.2,51.6,16.1,9.64,2,78.6
2018-08-12,32,2018,75,5,39,210,182,201,22.5,33.9,54.0,70.5,5.89,4,89.6
2018-08-19,33,2018,249,5,115,41,77,123,20.6,32.4,83.9,252.2,3.25,1,15.2
2018-08-26,34,2018,292,1,55,75,154,152,17.4,28.1,85.2,207.5,3.57,5,31.4
2018-09-02,35,2018,288,2,210,273,11,125,18.9,38.1,68.8,222.1,0.42,4,89.2
2018-09-09,36,2018,216,4,123,33,86,241,17.6,36.7,62.5,281.8,7.38,0,51.4
2018-09-16,37,2018,461,1,59,139,124,14,17.7,25.4,60.8,45.8,9.11,3,75.9
2018-09-23,38,2018,302,2,61,253,65,182,21.5,26.6,65.8,133.0,8.97,4,20.5
2018-09-30,39,2018,79,0,271,59,86,148,17.4,26.6,53.0,155.9,4.62,5,92.7
2018-10-07,40,2018,133,3,122,235,117,124,16.6,29.6,93.7,4.4,4.64,0,39.1
2018-10-14,41,2018,324,3,127,166,20,204,26.3,33.8,83.5,135.6,6.46,3,5.6
2018-10-21,42,2018,115,7,8,247,166,252,21.1,28.0,75.6,206.0,8.97,0,12.9
2018-10-28,43,2018,161,9,288,202,74,122,27.4,37.5,74.7,167.8,0.51,3,59.3
2018-11-04,44,2018,249,0,227,197,140,234,16.3,33.9,68.1,265.1,1.19,3,88.0
2018-11-11,45,2018,28,2,180,234,193,2,24.9,35.3,60.2,36.0,4.94,5,96.6
2018-11-18,46,2018,326,8,34,255,166,209,29.2,30.1,93.5,264.9,7.66,5,68.3
2018-11-25,47,2018,16,1,238,235,92,287,25.0,32.1,68.5,15.9,3.26,3,1.1
2018-12-02,48,2018,342,5,72,266,178,96,21.2,25.7,87.1,65.3,7.39,0,56.8
2018-12-09,49,2018,78,2,259,69,89,234,25.0,26.0,68.9,116.9,3.25,2,85.8
2018-12-16,50,2018,465,2,297,159,134,132,15.2,34.8,54.1,83.9,6.49,2,85.3
2018-12-23,51,2018,102,6,218,180,68,184,19.1,38.4,90.3,192.7,0.89,3,85.6
2018-12-30,52,2018,135,1,266,198,184,213,20.8,38.5,91.1,135.8,0.15,0,74.5
2019-01-06,1,2019,484,7,196,250,113,188,19.6,28.5,57.5,73.7,0.01,3,60.3
2019-01-13,2,2019,23,3,155,2,135,151,27.4,31.8,73.3,82.8,3.0,0,67.3
2019-01-20,3,2019,494,9,30,30,70,199,18.0,25.1,51.0,139.2,3.68,4,88.7
2019-01-27,4,2019,164,4,276,255,36,159,17.7,32.8,61.5,58.9,3.32,5,19.1
2019-02-03,5,2019,44,4,44,108,180,293,16.3,37.2,63.4,128.7,6.63,4,95.2
2019-02-10,6,2019,283,2,196,230,60,159,21.2,33.3,73.3,157.9,6.65,3,61.2
2019-02-17,7,2019,69,6,233,64,188,181,23.0,37.2,70.6,185.7,9.91,0,82.4
2019-02-24,8,2019,313,3,281,222,61,222,18.8,37.2,94.3,22.4,2.93,4,80.8
2019-03-03,9,2019,189,9,257,112,5,276,24.3,40.0,59.2,295.6,6.72,4,58.4
2019-03-10,10,2019,100,0,85,259,72,249,28.9,28.6,58.7,2.3,8.73,1,41.5
2019-03-17,11,2019,71,8,255,228,22,44,23.8,31.6,74.2,197.4,2.76,3,75.3
2019-03-24,12,2019,173,0,287,246,195,64,20.6,37.1,83.7,181.0,6.53,1,37.9
2019-03-31,13,2019,476,7,170,4,81,167,19.1,35.9,51.6,98.8,0.16,2,48.7
2019-04-07,14,2019,282,0,227,169,185,88,16.5,35.3,58.6,139.6,9.92,3,75.6
2019-04-14,15,2019,227,2,243,122,66,3,16.2,25.8,73.5,277.2,4.84,0,49.9
2019-04-21,16,2019,293,4,167,197,196,68,26.5,35.0,70.3,98.8,1.39,1,48.2
2019-04-28,17,2019,8,6,28,226,159,281,28.9,31.4,66.2,78.2,1.81,3,95.2
2019-05-05,18,2019,318,1,226,28,152,32,25.7,39.1,53.1,254.1,0.34,3,2.0
2019-05-12,19,2019,249,5,77,249,84,143,25.7,33.3,90.7,221.2,5.6,2,90.7
2019-05-19,20,2019,29,1,49,133,157,76,17.0,36.9,61.0,112.1,5.38,5,17.6
2019-05-26,21,2019,117,5,137,29,144,223,15.5,34.7,63.2,189.7,9.16,4,81.4
2019-06-02,22,2019,421,3,218,275,177,5,15.2,29.5,89.8,89.3,6.21,4,45.2
2019-06-09,23,2019,19,8,184,216,165,222,27.7,25.3,81.9,112.7,0.02,5,55.7
2019-06-16,24,2019,454,7,187,136,102,12,22.4,30.0,52.3,57.0,1.46,5,81.1
2019-06-23,25,2019,378,2,85,258,175,32,24.1,32.0,94.8,22.3,8.74,4,73.2
2019-06-30,26,2019,474,6,4,237,128,55,18.3,29.3,94.6,180.3,2.4,3,51.4
2019-07-07,27,2019,129,9,245,131,7,194,24.7,31.8,57.0,138.6,2.56,5,22.5
2019-07-14,28,2019,456,2,64,107,149,263,16.4,25.5,59.2,246.6,6.02,0,33.9
2019-07-21,29,2019,273,3,237,135,135,55,16.8,27.5,77.6,299.5,3.08,2,25.7
2019-07-28,30,2019,73,7,32,115,60,219,19.5,40.0,62.8,27.1,4.93,5,30.4
2019-08-04,31,2019,301,2,139,218,155,134,23.9,33.6,75.5,22.5,4.78,3,49.0
2019-08-11,32,2019,430,7,154,258,83,6,22.1,36.3,85.8,215.1,2.67,1,36.4
2019-08-18,33,2019,163,1,229,132,100,76,25.0,30.1,59.9,281.6,1.22,5,76.6
2019-08-25,34,2019,97,2,298,225,160,210,23.4,36.3,77.8,59.2,1.97,4,4.2
2019-09-01,35,2019,191,9,50,207,185,4,20.1,37.3,76.1,182.0,5.23,2,81.1
2019-09-08,36,2019,180,0,235,60,188,183,18.1,37.7,50.8,10.3,0.4,1,49.6
2019-09-15,37,2019,130,3,114,216,129,297,16.8,31.2,55.2,166.3,3.35,4,6.8
2019-09-22,38,2019,23,4,13,250,89,1,23.5,28.1,82.1,3.2,5.41,3,52.4
2019-09-29,39,2019,268,8,191,190,154,10,15.1,27.0,82.1,286.5,4.26,5,86.1
2019-10-06,40,2019,358,5,118,257,138,289,27.5,38.3,50.8,93.0,0.95,2,4.2
2019-10-13,41,2019,233,2,211,65,115,252,17.7,28.2,75.7,78.5,2.62,4,75.8
2019-10-20,42,2019,164,7,255,253,35,9,15.6,31.1,65.8,252.5,8.66,2,15.9
2019-10-27,43,2019,206,2,203,145,1,145,18.2,26.5,77.1,92.6,6.54,5,69.3
2019-11-03,44,2019,323,4,137,254,199,135,17.8,33.5,76.5,263.0,1.32,2,29.3
2019-11-10,45,2019,411,7,72,15,60,6,27.6,33.7,64.4,290.2,2.36,4,43.5
2019-11-17,46,2019,159,8,43,218,158,253,26.3,33.7,79.4,73.7,2.45,4,81.2
2019-11-24,47,2019,221,7,248,144,187,183,26.4,29.5,78.4,160.4,0.34,4,79.1
2019-12-01,48,2019,433,7,128,269,195,212,20.9,37.8,60.0,183.9,5.55,2,99.6
2019-12-08,49,2019,478,2,182,275,74,6,20.5,32.2,90.1,169.2,8.21,2,5.1
2019-12-15,50,2019,56,9,158,285,47,141,22.0,32.3,90.9,87.9,7.48,5,53.7
2019-12-22,51,2019,432,6,21,110,24,169,21.7,33.2,92.0,70.5,0.62,4,88.7
2019-12-29,52,2019,169,6,18,27,169,245,28.8,30.1,68.2,53.6,0.9,1,72.3
2020-01-05,1,2020,342,6,100,152,157,191,28.3,29.4,51.6,200.1,5.04,4,56.3
2020-01-12,2,2020,324,1,213,188,170,168,29.5,28.4,71.3,152.2,0.11,1,12.2
2020-01-19,3,2020,397,6,294,37,56,186,21.4,28.7,77.8,234.5,1.02,5,78.7
2020-01-26,4,2020,111,1,227,280,162,197,27.2,37.5,77.8,164.2,6.85,2,61.8
2020-02-02,5,2020,227,8,3,175,78,156,21.9,26.1,94.5,112.8,4.16,5,30.2
2020-02-09,6,2020,390,4,136,125,165,270,29.6,35.8,58.2,81.2,9.58,4,97.9
2020-02-16,7,2020,244,9,11,246,103,199,17.5,36.6,58.2,66.5,9.15,4,51.2
2020-02-23,8,2020,11,3,115,152,199,126,29.1,34.4,87.8,128.4,1.36,2,98.0
2020-03-01,9,2020,33,9,298,121,27,258,19.2,26.7,56.3,137.9,7.84,1,10.7
2020-03-08,10,2020,259,5,104,219,178,7,15.7,36.8,94.1,105.8,0.12,3,33.6
2020-03-15,11,2020,289,2,212,254,55,282,16.2,27.6,88.0,15.7,2.88,1,77.5
2020-03-22,12,2020,474,4,71,296,68,215,21.3,38.5,56.4,36.9,2.95,4,89.3
2020-03-29,13,2020,493,2,205,114,46,293,15.9,25.4,81.4,76.0,1.78,5,43.5
2020-04-05,14,2020,254,3,101,135,71,154,19.6,35.6,76.7,130.1,9.98,3,32.8
2020-04-12,15,2020,421,7,45,57,153,288,24.7,30.3,86.5,282.6,6.44,0,69.4
2020-04-19,16,2020,181,6,280,183,91,114,28.4,35.5,64.8,142.6,9.48,5,94.6
2020-04-26,17,2020,386,9,215,287,145,244,19.0,28.7,58.6,264.7,7.66,2,60.9
2020-05-03,18,2020,19,6,202,255,125,60,16.9,37.3,84.8,178.9,2.24,5,52.9
2020-05-10,19,2020,135,9,13,170,119,162,21.4,38.7,86.9,72.5,7.56,3,30.0
2020-05-17,20,2020,304,4,157,134,105,264,16.8,39.4,85.7,126.7,0.73,5,41.7
2020-05-24,21,2020,374,6,77,292,7,177,29.7,25.2,67.6,253.8,4.87,0,2.9
2020-05-31,22,2020,210,5,299,277,99,90,16.4,36.2,66.4,141.4,9.38,1,47.5
2020-06-07,23,2020,386,4,111,259,155,252,24.3,33.3,72.7,48.6,6.1,2,25.7
2020-06-14,24,2020,315,6,239,191,147,15,27.3,25.9,57.3,100.9,6.33,4,37.6
2020-06-21,25,2020,293,1,236,150,155,232,29.5,39.5,84.4,267.6,8.49,1,83.3
2020-06-28,26,2020,229,5,180,224,11,138,23.6,28.3,86.7,149.6,1.51,0,76.8
2020-07-05,27,2020,78,4,47,296,118,261,20.4,26.4,58.2,278.6,2.86,0,26.2
2020-07-12,28,2020,172,9,253,199,41,136,25.6,37.6,83.9,289.1,2.01,5,1.9
2020-07-19,29,2020,137,8,207,144,1,161,29.8,31.8,92.1,58.0,7.47,0,90.5
2020-07-26,30,2020,243,8,69,201,77,248,16.4,29.0,71.5,189.5,2.11,0,71.2
2020-08-02,31,2020,497,3,290,275,47,24,22.2,38.6,81.4,183.0,2.49,4,97.6
2020-08-09,32,2020,138,3,195,57,77,154,26.5,34.9,88.4,2.4,7.12,2,22.4
2020-08-16,33,2020,32,5,99,113,94,41,29.2,30.3,50.2,173.0,4.39,0,31.0
2020-08-23,34,2020,393,1,123,32,170,221,27.5,26.6,86.0,180.4,7.26,1,62.3
2020-08-30,35,2020,437,7,254,165,90,137,23.4,26.6,64.9,276.4,1.31,3,43.5
2020-09-06,36,2020,462,0,31,234,176,206,18.7,31.4,82.4,100.0,5.98,5,16.5
2020-09-13,37,2020,158,2,52,36,163,202,17.7,29.2,57.0,137.2,2.02,4,82.6
2020-09-20,38,2020,497,3,152,270,90,2,20.5,28.0,66.1,277.3,1.68,2,30.9
2020-09-27,39,2020,468,3,57,121,165,265,29.7,37.8,76.2,143.9,4.61,1,48.9
2020-10-04,40,2020,462,5,222,185,134,38,21.1,26.5,82.1,156.2,8.0,4,19.4
2020-10-11,41,2020,479,6,199,125,130,102,23.8,33.9,75.5,227.5,3.16,2,84.2
2020-10-18,42,2020,368,2,158,86,49,98,26.2,35.3,91.2,98.3,1.03,5,63.4
2020-10-25,43,2020,32,8,45,89,101,296,29.8,25.8,69.9,181.9,1.96,3,59.4
2020-11-01,44,2020,417,8,237,95,23,106,23.6,25.4,88.1,195.2,6.99,0,48.3
2020-11-08,45,2020,464,3,207,88,72,128,18.1,37.9,90.9,13.4,1.5,5,45.3
2020-11-15,46,2020,95,2,86,239,71,288,26.0,33.9,86.0,154.7,2.25,4,62.8
2020-11-22,47,2020,385,2,115,208,29,4,28.1,38.2,68.8,68.5,7.75,0,82.7
2020-11-29,48,2020,54,1,39,70,54,7,17.9,39.4,53.7,249.3,1.16,0,99.0
2020-12-06,49,2020,283,2,122,256,140,186,18.2,31.5,58.8,19.3,2.52,3,67.8
2020-12-13,50,2020,22,0,78,11,72,243,28.3,38.9,66.7,260.5,9.14,4,77.3
2020-12-20,51,2020,292,4,131,7,105,146,26.5,33.7,65.4,281.3,2.64,1,19.5
2020-12-27,52,2020,258,8,261,108,160,179,23.5,37.2,69.4,144.9,2.46,3,19.3
2021-01-03,53,2021,397,9,72,78,100,172,26.7,37.0,85.1,8.3,6.32,3,91.2
2021-01-10,1,2021,235,5,294,49,73,22,20.3,33.7,86.9,222.1,0.91,4,51.9
2021-01-17,2,2021,118,6,40,70,83,204,23.7,25.9,61.6,220.6,8.92,5,57.5
2021-01-24,3,2021,130,0,171,236,194,47,15.0,36.2,88.4,44.9,9.43,0,37.4
2021-01-31,4,2021,446,7,109,115,8,258,19.2,30.3,51.2,133.6,6.71,0,35.9
2021-02-07,5,2021,290,1,179,113,43,174,21.8,37.6,62.8,28.4,7.24,5,91.1
2021-02-14,6,2021,361,7,183,272,114,172,17.6,31.9,60.1,133.1,5.25,0,90.0
2021-02-21,7,2021,393,7,5,268,35,32,26.4,29.3,53.9,213.9,0.79,1,14.2
2021-02-28,8,2021,454,3,265,22,139,157,25.8,26.5,56.4,91.5,2.4,2,8.1
2021-03-07,9,2021,223,7,283,244,182,141,21.0,27.2,73.0,116.8,1.35,2,84.7
2021-03-14,10,2021,415,9,34,69,127,290,16.0,27.3,59.5,208.5,7.03,0,82.8
2021-03-21,11,2021,269,0,282,7,137,194,16.9,30.5,68.0,146.5,7.24,3,16.0
2021-03-28,12,2021,262,9,214,193,184,221,17.6,34.1,72.2,49.1,9.22,1,22.6
2021-04-04,13,2021,76,8,215,92,169,53,18.9,28.6,71.1,69.3,4.16,5,47.3
2021-04-11,14,2021,229,1,158,89,98,113,15.7,32.8,66.3,52.4,4.63,1,72.4
2021-04-18,15,2021,414,9,57,252,3,217,17.2,27.4,80.7,22.4,4.23,4,83.1
2021-04-25,16,2021,50,9,110,149,121,260,18.8,25.7,79.3,137.1,8.11,4,35.9
2021-05-02,17,2021,438,6,114,19,144,236,17.1,37.1,86.9,65.4,8.65,0,61.8
2021-05-09,18,2021,194,1,267,227,142,139,24.5,29.1,80.0,118.9,4.2,0,39.4
2021-05-16,19,2021,322,0,33,72,153,75,23.7,38.3,84.2,153.4,8.66,0,51.3
2021-05-23,20,2021,46,8,239,3,145,117,26.2,35.7,55.1,215.5,1.41,4,4.5
2021-05-30,21,2021,105,3,162,147,149,156,21.5,25.3,79.9,79.0,6.52,0,48.4
2021-06-06,22,2021,163,2,25,103,75,120,28.6,32.0,54.4,75.3,6.84,2,44.1
2021-06-13,23,2021,319,6,44,81,103,181,16.2,36.7,50.3,94.4,5.76,1,49.6
2021-06-20,24,2021,436,3,24,293,181,153,29.2,33.8,63.1,9.5,3.54,2,35.8
2021-06-27,25,2021,490,3,148,223,121,142,15.3,28.6,59.4,151.8,7.41,1,44.3
2021-07-04,26,2021,442,7,164,124,132,293,17.2,37.9,84.0,167.5,6.48,2,59.0
2021-07-11,27,2021,320,7,60,107,57,9,23.4,30.8,74.0,149.0,7.48,2,54.9
2021-07-18,28,2021,26,3,50,58,166,53,23.9,26.8,85.5,112.1,8.87,3,72.9
2021-07-25,29,2021,249,5,145,271,179,53,18.7,30.7,50.0,108.4,4.08,1,23.8
2021-08-01,30,2021,331,2,149,41,6,211,20.6,26.3,83.8,110.9,6.15,3,39.7
2021-08-08,31,2021,53,0,130,26,32,36,29.6,32.7,66.9,284.4,6.35,4,9.2
2021-08-15,32,2021,463,0,120,31,103,202,24.9,26.7,72.1,20.2,7.28,5,47.5
2021-08-22,33,2021,75,5,125,139,59,70,29.1,35.3,60.5,51.5,3.44,5,22.9
2021-08-29,34,2021,493,7,291,113,88,79,24.6,37.2,93.0,249.3,8.98,4,92.2
2021-09-05,35,2021,102,5,234,220,78,9,16.9,32.1,68.0,24.0,0.21,1,37.7
2021-09-12,36,2021,101,2,138,234,175,213,15.6,25.2,68.9,203.4,4.74,4,69.8
2021-09-19,37,2021,217,3,217,73,164,259,17.5,35.9,63.2,60.9,8.2,0,80.1
2021-09-26,38,2021,40,9,207,56,134,171,16.8,38.2,62.9,160.9,0.26,2,67.2
2021-10-03,39,2021,446,2,214,171,157,19,22.3,25.2,58.4,171.5,9.42,4,35.9
2021-10-10,40,2021,375,8,65,38,127,32,27.3,25.5,90.2,86.2,2.08,2,47.8
2021-10-17,41,2021,494,2,238,49,21,261,15.4,35.7,57.1,284.3,6.76,1,58.9
2021-10-24,42,2021,211,3,173,235,37,215,24.3,25.8,82.0,110.5,1.56,0,80.0
2021-10-31,43,2021,322,3,78,69,26,21,27.8,37.4,70.4,56.7,4.02,5,83.9
2021-11-07,44,2021,404,9,91,155,12,93,20.4,30.8,70.1,196.5,5.87,3,56.7
2021-11-14,45,2021,35,5,114,13,88,156,29.9,37.1,88.0,100.0,9.76,4,16.0
2021-11-21,46,2021,494,5,112,24,174,210,28.0,29.5,64.4,8.5,0.36,0,77.6
2021-11-28,47,2021,369,7,176,298,79,269,25.0,31.5,83.2,194.6,8.06,5,39.9
2021-12-05,48,2021,449,9,90,280,79,126,16.1,35.4,74.2,191.7,3.14,1,15.4
2021-12-12,49,2021,71,3,76,101,102,25,28.4,37.9,82.7,15.3,7.63,1,61.3
2021-12-19,50,2021,270,8,153,244,82,117,18.9,32.9,64.0,105.1,1.61,0,61.9
2021-12-26,51,2021,81,4,18,108,16,70,20.9,27.7,66.1,240.3,8.49,1,41.4
2022-01-02,52,2022,50,0,3,242,51,6,23.2,28.2,56.1,141.9,3.82,1,85.9
2022-01-09,1,2022,221,5,242,264,101,245,26.0,30.8,77.2,52.6,3.47,0,99.5
2022-01-16,2,2022,123,1,228,200,35,135,15.4,38.9,89.9,147.8,5.46,5,46.6
2022-01-23,3,2022,145,5,141,73,19,240,16.6,35.4,77.0,55.7,9.93,2,98.0
2022-01-30,4,2022,98,4,78,214,83,188,25.5,25.2,82.7,144.6,4.43,2,14.3
2022-02-06,5,2022,291,2,162,232,80,190,23.2,38.0,79.2,267.8,4.82,4,42.9
2022-02-13,6,2022,165,5,246,294,36,108,25.3,30.0,78.4,216.8,7.43,5,86.5
2022-02-20,7,2022,399,0,70,177,196,166,26.5,25.5,85.5,10.6,8.14,0,22.1
2022-02-27,8,2022,278,1,153,96,139,78,27.9,34.7,72.0,1.4,6.82,4,76.0
2022-03-06,9,2022,242,7,169,274,197,1,29.9,28.0,87.1,141.0,4.25,1,91.4
2022-03-13,10,2022,179,4,112,65,53,247,21.8,26.3,81.5,122.9,1.17,1,39.5
2022-03-20,11,2022,251,5,59,240,37,256,28.8,28.4,72.3,217.6,3.84,4,52.3
2022-03-27,12,2022,12,9,139,170,6,63,28.1,35.0,54.6,85.4,6.44,5,57.2
2022-04-03,13,2022,359,2,275,24,159,173,20.2,26.0,78.9,203.1,1.55,2,23.5
2022-04-10,14,2022,54,7,230,37,70,196,27.5,29.7,69.4,83.1,6.28,3,6.3
2022-04-17,15,2022,127,2,264,76,28,43,28.1,37.1,62.7,198.0,2.96,0,47.4
2022-04-24,16,2022,393,1,262,10,5,109,29.6,29.8,52.8,175.8,2.57,0,52.2
2022-05-01,17,2022,491,5,94,22,82,213,28.6,29.7,90.0,242.9,9.74,0,14.9
2022-05-08,18,2022,118,2,126,223,64,98,24.1,28.3,79.9,153.9,3.48,4,64.6
2022-05-15,19,2022,326,7,15,227,168,177,19.2,39.8,81.7,109.7,3.64,4,94.2
2022-05-22,20,2022,231,1,111,38,10,136,23.9,39.1,51.2,287.2,4.84,3,86.5
2022-05-29,21,2022,436,8,52,219,170,201,25.2,26.6,54.1,176.1,8.89,1,43.3
2022-06-05,22,2022,201,4,181,38,29,190,16.7,39.2,85.1,60.9,5.47,3,20.2
2022-06-12,23,2022,366,9,207,204,83,289,25.4,31.8,54.0,104.7,8.06,1,10.2
2022-06-19,24,2022,335,5,285,114,137,35,27.9,38.7,62.4,87.4,1.11,4,56.9
2022-06-26,25,2022,347,0,276,2,112,194,16.2,30.0,55.2,62.3,2.53,4,57.7
2022-07-03,26,2022,434,9,192,138,196,141,17.9,33.4,85.7,278.5,3.23,1,98.1
2022-07-10,27,2022,218,9,216,205,54,282,28.3,37.7,82.8,159.1,4.32,0,76.8
2022-07-17,28,2022,398,7,207,155,49,31,18.1,36.5,75.5,81.8,2.18,5,36.3
2022-07-24,29,2022,417,8,287,96,77,28,21.4,32.0,53.1,241.7,5.22,5,54.7
2022-07-31,30,2022,275,8,275,220,55,67,28.7,30.7,76.6,2.1,4.62,4,40.7
2022-08-07,31,2022,146,4,229,241,7,80,25.3,27.8,70.4,13.9,7.89,0,61.5
2022-08-14,32,2022,240,8,142,198,133,241,20.7,26.7,86.9,148.3,2.34,5,70.8
2022-08-21,33,2022,429,2,229,271,51,4,15.7,39.7,63.8,34.3,9.05,4,34.9
2022-08-28,34,2022,351,2,167,223,172,274,18.6,27.6,77.8,216.2,6.02,5,24.2
2022-09-04,35,2022,296,4,239,32,86,56,17.3,32.0,51.7,88.6,8.06,3,78.7
2022-09-11,36,2022,116,9,69,268,197,21,17.6,38.0,87.6,135.6,6.59,2,67.5
2022-09-18,37,2022,149,4,276,37,73,27,15.4,32.1,82.1,97.8,6.86,4,5.2
2022-09-25,38,2022,166,8,96,1,34,5,23.0,30.5,53.6,83.9,2.19,5,48.1
2022-10-02,39,2022,67,6,206,156,105,287,29.2,35.0,78.8,67.3,9.32,4,24.6
2022-10-09,40,2022,166,9,117,232,72,41,23.4,34.5,77.6,162.3,5.18,3,31.1
2022-10-16,41,2022,71,1,43,260,62,33,28.1,30.9,73.7,102.4,8.82,0,64.6
2022-10-23,42,2022,116,6,70,173,75,240,28.8,36.0,83.8,50.0,4.32,0,22.2
2022-10-30,43,2022,361,7,68,262,108,152,16.0,38.7,92.4,264.3,2.57,2,92.2
2022-11-06,44,2022,212,5,59,125,33,116,17.2,33.9,89.8,6.5,9.47,0,48.2
2022-11-13,45,2022,438,5,297,13,77,50,22.3,26.3,82.4,192.8,4.33,2,11.5
2022-11-20,46,2022,80,4,197,1,124,13,23.7,37.6,68.2,238.2,7.89,1,87.1
2022-11-27,47,2022,203,7,29,41,174,102,22.1,39.1,70.3,36.0,9.94,1,60.9
2022-12-04,48,2022,466,0,122,184,28,240,18.2,37.1,90.4,167.2,3.6,5,98.8
2022-12-11,49,2022,433,4,217,258,33,125,20.1,26.6,79.7,57.4,7.47,1,91.8
2022-12-18,50,2022,247,4,56,199,55,48,21.3,34.1,92.7,103.8,6.88,1,74.2
2022-12-25,51,2022,94,6,281,233,144,132,29.2,30.9,71.4,256.9,1.47,3,19.2
2023-01-01,52,2023,25,4,270,95,138,50,16.5,31.9,91.0,56.1,7.95,3,38.7
2023-01-08,1,2023,85,6,295,206,138,85,22.8,28.5,64.3,204.9,1.44,1,58.3
2023-01-15,2,2023,470,4,110,31,81,53,20.9,38.0,52.6,137.6,9.23,0,98.2
2023-01-22,3,2023,482,5,40,26,36,215,25.4,30.0,91.5,280.4,8.71,0,43.7
2023-01-29,4,2023,451,9,175,201,152,287,16.2,30.6,76.4,124.5,5.16,5,26.9
2023-02-05,5,2023,3,3,272,216,107,99,21.0,37.3,80.8,129.8,9.78,4,86.3
2023-02-12,6,2023,456,8,201,92,167,59,27.6,31.8,62.1,176.7,2.34,2,62.3
2023-02-19,7,2023,202,1,271,84,22,2,21.5,34.5,67.0,0.4,4.43,1,65.5
2023-02-26,8,2023,103,6,278,219,132,168,25.8,29.1,65.8,258.4,0.33,1,6.3
2023-03-05,9,2023,357,1,278,97,111,28,16.9,26.9,57.3,65.8,6.19,2,65.6
2023-03-12,10,2023,372,4,111,290,82,202,29.2,26.0,84.9,86.0,0.11,2,27.5
2023-03-19,11,2023,110,1,106,89,73,42,27.1,30.4,73.3,211.6,8.96,4,54.6
2023-03-26,12,2023,484,4,53,289,15,127,15.3,36.6,68.1,166.6,1.98,0,71.2
2023-04-02,13,2023,201,2,293,221,37,33,29.8,37.8,82.7,136.2,3.64,3,83.3
2023-04-09,14,2023,466,9,176,264,85,85,22.8,33.0,62.9,107.4,3.81,4,9.3
2023-04-16,15,2023,373,5,138,90,87,27,27.6,27.2,85.8,115.1,2.14,0,45.9
2023-04-23,16,2023,476,4,88,299,181,182,24.6,37.7,73.1,52.7,0.03,4,90.0
2023-04-30,17,2023,491,8,157,299,79,202,26.6,39.2,88.8,112.3,5.88,3,89.8
2023-05-07,18,2023,23,7,194,145,45,153,17.2,35.7,77.6,246.1,0.53,0,88.4
2023-05-14,19,2023,374,0,267,101,176,290,22.6,38.5,52.5,47.6,7.67,3,34.7
2023-05-21,20,2023,474,7,102,144,124,263,28.7,35.5,57.2,273.0,3.34,4,19.1
2023-05-28,21,2023,375,9,218,132,145,33,29.1,35.1,65.7,294.4,4.95,2,22.9
2023-06-04,22,2023,451,9,173,296,104,179,25.0,29.2,71.7,221.8,0.6,4,91.4
2023-06-11,23,2023,226,6,210,65,99,115,20.0,28.3,53.5,217.4,7.82,2,87.3
2023-06-18,24,2023,346,6,77,87,3,54,23.1,28.8,73.5,25.4,9.96,3,63.9
2023-06-25,25,2023,438,2,261,61,105,4,24.5,33.6,77.8,266.9,8.32,5,41.3
2023-07-02,26,2023,218,8,241,243,175,151,25.6,37.5,87.8,4.9,3.24,4,29.0
2023-07-09,27,2023,133,5,107,15,41,157,20.7,34.7,76.5,128.0,6.51,5,15.0
2023-07-16,28,2023,411,8,150,212,119,89,17.6,39.8,89.3,291.6,1.48,0,57.8
2023-07-23,29,2023,331,7,9,174,3,157,29.8,28.5,73.2,254.8,4.06,4,1.8
2023-07-30,30,2023,292,3,150,154,10,244,25.1,35.4,81.3,132.8,0.7,5,99.4
2023-08-06,31,2023,51,9,241,247,119,139,22.3,33.9,66.6,159.9,1.28,4,40.0
2023-08-13,32,2023,37,1,100,279,49,167,19.1,25.7,81.7,130.5,1.06,4,66.8
2023-08-20,33,2023,411,9,114,19,99,3,24.5,35.3,62.4,218.3,8.08,0,6.7
2023-08-27,34,2023,301,6,99,113,103,102,17.7,33.7,87.2,224.8,1.0,0,36.1
2023-09-03,35,2023,468,2,114,284,140,227,23.7,34.7,94.4,157.4,3.71,0,37.5
2023-09-10,36,2023,182,2,224,229,26,287,29.0,29.9,80.1,57.8,3.42,3,50.5
2023-09-17,37,2023,133,3,137,165,160,44,23.9,39.1,64.5,162.1,2.58,4,25.3
2023-09-24,38,2023,484,8,27,86,194,233,24.5,39.2,54.5,85.0,6.89,1,40.6
2023-10-01,39,2023,485,2,76,205,169,162,29.5,31.3,61.7,64.3,0.44,5,82.6
2023-10-08,40,2023,74,9,138,33,146,124,29.3,35.9,55.2,0.4,8.51,2,27.1
2023-10-15,41,2023,139,2,269,154,159,140,25.5,30.2,58.1,238.7,8.92,4,25.2
2023-10-22,42,2023,381,6,36,206,28,31,15.3,25.3,89.3,149.5,1.47,3,86.8
2023-10-29,43,2023,37,0,149,277,69,111,18.2,37.0,83.9,117.4,2.9,5,64.0
2023-11-05,44,2023,65,8,267,157,151,72,29.6,38.5,80.3,168.5,3.42,4,59.7
2023-11-12,45,2023,489,0,94,165,62,44,20.3,35.5,59.5,48.5,6.26,5,10.6
2023-11-19,46,2023,213,6,109,124,175,243,19.1,39.6,86.9,201.1,8.03,1,44.7
2023-11-26,47,2023,481,5,283,126,116,105,24.6,25.9,57.6,280.5,5.35,3,42.2
2023-12-03,48,2023,262,4,205,12,52,193,20.7,27.9,56.9,112.1,4.46,2,78.3
2023-12-10,49,2023,310,6,220,206,175,56,26.4,39.0,88.2,32.2,0.22,5,48.1
2023-12-17,50,2023,53,9,250,286,73,41,28.8,33.0,89.7,179.4,0.39,5,85.1
2023-12-24,51,2023,61,0,68,65,15,275,16.8,35.3,64.2,258.8,4.27,1,92.1
2023-12-31,52,2023,468,6,143,167,32,217,25.2,25.6,51.8,214.6,9.4,3,28.2
2024-01-07,1,2024,406,7,16,58,171,24,29.6,34.6,88.2,227.8,7.72,2,7.4
2024-01-14,2,2024,192,4,164,136,23,261,18.1,27.8,66.3,297.7,0.61,1,28.6
2024-01-21,3,2024,366,9,183,2,174,188,16.8,34.3,74.5,278.3,8.62,1,74.4
2024-01-28,4,2024,73,2,238,277,116,218,17.0,30.8,63.8,89.2,3.33,1,42.5
2024-02-04,5,2024,451,8,132,250,53,115,20.9,38.1,71.3,207.8,1.13,5,51.8
2024-02-11,6,2024,232,2,46,35,39,247,26.8,35.4,56.1,144.0,3.05,3,79.5
2024-02-18,7,2024,183,1,209,170,113,191,17.4,28.2,54.4,94.1,0.01,1,70.3
2024-02-25,8,2024,70,3,286,42,23,76,24.4,28.3,74.9,138.0,4.79,2,0.3
2024-03-03,9,2024,342,0,276,208,193,94,26.3,26.2,72.6,297.5,7.64,1,8.9
2024-03-10,10,2024,349,9,19,35,67,84,25.8,25.9,88.2,297.2,5.24,1,12.8
2024-03-17,11,2024,114,4,31,251,31,227,27.4,35.3,75.1,232.9,5.43,3,60.0
2024-03-24,12,2024,444,6,82,174,18,181,27.4,39.2,78.0,91.2,1.15,0,99.9
2024-03-31,13,2024,394,1,188,223,4,59,27.2,38.6,59.4,82.2,5.05,4,83.6
2024-04-07,14,2024,33,4,65,228,180,61,26.9,34.7,80.2,25.5,6.26,5,75.5
2024-04-14,15,2024,439,0,199,299,9,26,26.7,29.3,64.8,95.0,4.58,2,55.6
2024-04-21,16,2024,23,2,6,64,188,282,29.7,39.9,59.7,259.2,3.4,1,99.0
2024-04-28,17,2024,447,0,182,49,111,49,19.4,26.9,73.0,238.4,3.63,2,12.9
2024-05-05,18,2024,386,4,246,272,187,117,23.6,33.0,68.0,4.3,8.43,1,51.8
2024-05-12,19,2024,173,1,91,157,56,55,25.2,32.3,56.5,180.3,6.35,0,20.5
2024-05-19,20,2024,445,0,51,87,61,29,24.8,39.9,68.2,223.8,9.74,5,54.2
2024-05-26,21,2024,300,3,87,260,7,141,25.2,27.6,91.5,289.7,6.86,4,6.5
2024-06-02,22,2024,342,0,179,294,103,100,20.8,36.5,83.1,57.6,1.98,0,27.2
2024-06-09,23,2024,247,4,187,261,45,204,26.1,30.6,88.7,120.9,7.1,3,27.0
2024-06-16,24,2024,51,5,135,46,145,155,19.5,26.5,66.4,123.5,7.44,3,25.2
2024-06-23,25,2024,379,1,61,13,43,72,28.6,32.0,94.9,138.8,2.0,0,41.1
2024-06-30,26,2024,95,9,164,202,120,26,26.0,30.0,76.6,58.6,4.24,1,36.5
2024-07-07,27,2024,18,3,128,1,92,49,29.8,32.5,54.3,145.1,9.68,3,66.7
2024-07-14,28,2024,350,4,167,147,154,259,27.7,31.8,61.1,163.7,1.19,0,50.3
2024-07-21,29,2024,324,1,233,187,131,170,16.7,34.5,76.2,26.5,7.32,2,24.7
2024-07-28,30,2024,49,7,122,121,161,37,26.5,25.2,93.1,121.5,7.95,4,54.7
2024-08-04,31,2024,1,9,115,133,33,195,29.0,38.5,61.8,50.1,8.29,4,13.6
2024-08-11,32,2024,359,5,171,200,101,176,24.8,28.7,77.2,198.7,0.36,4,79.6
2024-08-18,33,2024,434,6,49,222,90,210,20.4,28.5,80.4,200.2,4.01,4,3.3
2024-08-25,34,2024,30,8,208,159,66,290,15.4,32.3,61.0,85.8,7.73,2,12.1
2024-09-01,35,2024,473,1,134,142,120,274,28.2,34.7,63.8,93.1,9.27,5,62.8
2024-09-08,36,2024,358,9,284,58,197,265,17.6,40.0,86.8,157.9,4.08,4,94.4
2024-09-15,37,2024,455,3,12,185,168,210,28.0,25.4,51.8,152.3,1.68,0,41.1
2024-09-22,38,2024,312,9,173,248,127,90,23.9,36.8,60.9,74.6,3.48,0,20.9
2024-09-29,39,2024,91,7,142,149,1,10,23.5,30.8,84.3,69.0,2.94,1,89.2
2024-10-06,40,2024,24,8,147,136,44,45,23.5,39.9,76.3,49.2,4.81,0,45.7
2024-10-13,41,2024,19,5,110,234,169,4,20.1,32.9,56.6,237.1,5.13,3,73.6
2024-10-20,42,2024,376,9,186,87,8,229,27.4,39.1,87.8,53.0,8.6,3,20.7
2024-10-27,43,2024,233,6,139,56,31,217,19.8,39.6,87.6,262.9,7.36,4,68.5
2024-11-03,44,2024,450,4,72,211,91,241,24.2,31.7,68.7,173.8,1.76,2,90.0
2024-11-10,45,2024,294,1,223,236,195,36,15.6,31.2,77.3,18.1,4.05,4,96.1
2024-11-17,46,2024,244,0,38,156,59,187,21.7,31.4,59.2,210.3,9.32,4,84.2
2024-11-24,47,2024,347,0,7,37,183,46,16.3,38.9,83.6,275.2,2.33,4,18.4
2024-12-01,48,2024,389,5,295,17,142,193,21.8,26.9,63.7,64.1,7.96,5,69.0
2024-12-08,49,2024,211,6,241,34,12,124,27.5,36.5,71.6,253.9,4.88,5,90.2
2024-12-15,50,2024,112,2,156,174,158,272,20.5,38.8,93.7,264.2,4.59,1,8.4
2024-12-22,51,2024,26,3,9,175,101,17,17.8,39.8,61.7,48.6,5.06,2,17.4
2024-12-29,52,2024,18,2,85,169,0,220,20.0,33.8,69.5,288.5,6.02,3,85.2
2025-01-05,1,2025,242,8,1,184,156,204,27.2,33.3,52.5,115.6,1.93,3,35.3
2025-01-12,2,2025,39,4,233,196,186,261,24.3,35.8,86.0,289.3,4.44,5,22.6
2025-01-19,3,2025,450,6,172,200,141,34,18.9,39.7,63.6,124.1,0.67,0,71.6
2025-01-26,4,2025,336,8,234,209,172,149,24.7,29.4,70.1,100.8,7.16,3,49.1
2025-02-02,5,2025,177,1,7,90,149,142,19.6,35.6,74.9,186.3,2.07,0,8.7
